VARIANT_ID,CDNACHANGE,AACHANGE,GENE,REFSEQ,ENSEMBL_TRANSCRIPT,ENSEMBL_GENE_ID,VARIANTSTATUS,ZYGOSITY,EXONINTRON,PROTEINEFFECT,MOI,VARIANTCATEGORY,CDNA_START,DIST_FROM_CDNA_START,CDNA_END,DIST_FROM_CDNA_END,SEQUENCE
1,c.0+23508336G>T,p.0?,PTF1A,NM_178161,ENST00000376504,ENSG00000168267,Pathogenic,Homozygous,I,,AR,Out of exome range
2,c.(2995+1_2996-1)_(4041+1_4209-1)del,p.?,ABCC6,NM_001171,ENST00000205557,ENSG00000091262,Pathogenic,Heterozygous,E,Partial Gene Deletion,AR,Unknown start/end position of variation
4,c.0+23508363A>G,p.?,PTF1A,NM_178161,ENST00000376504,ENSG00000168267,Pathogenic,Homozygous,I,,AR,Out of exome range
5,c.0+23508365A>G,,PTF1A,NM_178161,ENST00000376504,ENSG00000168267,Pathogenic,Homozygous,I,,AR,Out of exome range
6,c.0+23508437A>G,p.?,PTF1A,NM_178161,ENST00000376504,ENSG00000168267,Pathogenic,Homozygous,I,,AR,Out of exome range
7,c.0+23508442A>G,,PTF1A,NM_178161,ENST00000376504,ENSG00000168267,Uncertain,Heterozygous,I,,AR,Out of exome range
12,c.3141_3143del,p.F1048,ABCC6,NM_001171,ENST00000205557,ENSG00000091262,Pathogenic,Heterozygous,E,In-Frame Deletion,AR,>1bp deletion,3141,0,3143,0
18,c.4182del,p.K1394,ABCC6,NM_001171,ENST00000205557,ENSG00000091262,Pathogenic,Heterozygous,E,Frameshift,AR,SN deletion,4182,0
20,c.(148+11_149-1)_(290+9_291-1)del,p.?,ABCC8,NM_001287174,ENST00000302539,ENSG00000006071,Pathogenic,Homozygous,E,Partial Gene Deletion,AD,Unknown start/end position of variation
21,c.(4414+1_4415-1)_(*4749+34_?)del,p.?,ABCC8,NM_001287174,ENST00000302539,ENSG00000006071,Pathogenic,Heterozygous,E,,AD,Unknown start/end position of variation
22,c.?-1-?_2697+1_2698-1+?del,p.?,ABCC8,NM_001287174,ENST00000302539,ENSG00000006071,Pathogenic,Homozygous,E,Partial Gene Deletion,AD,Unknown start/end position of variation
23,c.1-?_1011+?del,p.0?,ABCC8,NM_001287174,ENST00000302539,ENSG00000006071,Pathogenic,Heterozygous,E,Other,AD,Unknown start/end position of variation
24,c.1-?_2679+?del,,ABCC8,NM_001287174,ENST00000302539,ENSG00000006071,Pathogenic,Heterozygous,E,,AD,Unknown start/end position of variation
25,c.1-?_2697+?del,,ABCC8,NM_001287174,ENST00000302539,ENSG00000006071,Pathogenic,Heterozygous,I,,AD,Unknown start/end position of variation
26,c.1-?_4749+?del,,ABCC8,NM_001287174,ENST00000302539,ENSG00000006071,Pathogenic,Heterozygous,E,,AD,Unknown start/end position of variation
27,c.-1_+22del,,ABCC8,NM_001287174,ENST00000302539,ENSG00000006071,Pathogenic,Homozygous,E,,AD,Unknown start/end position of variation
33,c.1150_1159del,p.,ABCC8,NM_001287174,ENST00000302539,ENSG00000006071,Pathogenic,Heterozygous,E,,AD,>1bp deletion,1150,0,1159,0
40,c.1254_1284dup,,ABCC8,NM_001287174,ENST00000302539,ENSG00000006071,Pathogenic,Heterozygous,E,Frameshift,AD,>1bp duplication,1254,0,1284,0
50,c.1335_1364del,p.I446_I455del,ABCC8,NM_001287174,ENST00000302539,ENSG00000006071,Uncertain,Homozygous,E,In-Frame Deletion,AD,>1bp deletion,1335,0,1364,0
62,c.155del,,ABCC8,NM_001287174,ENST00000302539,ENSG00000006071,Pathogenic,Heterozygous,E,Missense,AD,SN deletion,155,0
67,c.1683_1687del,p.H562fs,ABCC8,NM_001287174,ENST00000302539,ENSG00000006071,Pathogenic,Heterozygous,E,Frameshift,AD,>1bp deletion,1683,0,1687,0
70,c.1732_1746dup,p.A578_L582dup,ABCC8,NM_001287174,ENST00000302539,ENSG00000006071,Pathogenic,Heterozygous,E,In-Frame Duplication,AD,>1bp duplication,1732,0,1746,0
76,c.1818-?_1923+?,,ABCC8,NM_001287174,ENST00000302539,ENSG00000006071,Pathogenic,Heterozygous,E,,AD,Unknown start/end position of variation
77,c.1818-207_1925del,p.?,ABCC8,NM_001287174,ENST00000302539,ENSG00000006071,Pathogenic,Homozygous,E,Partial Gene Deletion,AD,Out of exome range
80,c.1879del,p.H627fs,ABCC8,NM_001287174,ENST00000302539,ENSG00000006071,Pathogenic,Heterozygous,E,Frameshift,AD,SN deletion,1879,0
105,c.2301_2302del,p.,ABCC8,NM_001287174,ENST00000302539,ENSG00000006071,Pathogenic,Heterozygous,E,Frameshift,AD,>1bp deletion,2301,0,2302,0
117,c.2524del,p.R842fs,ABCC8,NM_001287174,ENST00000302539,ENSG00000006071,Pathogenic,Heterozygous,E,Frameshift,AD,SN deletion,2524,0
119,c.2559_2560-?_3332_3333+?del,?,ABCC8,NM_001287174,ENST00000302539,ENSG00000006071,Pathogenic,Heterozygous,E,,AD,Unknown start/end position of variation
123,c.2675_2679del,p.Q892,ABCC8,NM_001287174,ENST00000302539,ENSG00000006071,Pathogenic,Homozygous,E,Frameshift,AD,>1bp deletion,2675,0,2679,0
132,c.2815_2816del,p.Leu939fs,ABCC8,NM_001287174,ENST00000302539,ENSG00000006071,Pathogenic,Heterozygous,E,Frameshift,AD,>1bp deletion,2815,0,2816,0
134,c.2838_2841del,p.R947fs,ABCC8,NM_001287174,ENST00000302539,ENSG00000006071,Pathogenic,Heterozygous,E,Frameshift,AD,>1bp deletion,2838,0,2841,0
135,c.291-?_822+?del,p.?,ABCC8,NM_001287174,ENST00000302539,ENSG00000006071,Pathogenic,Homozygous,E,Partial Gene Deletion,AD,Unknown start/end position of variation
138,c.2917del,p.,ABCC8,NM_001287174,ENST00000302539,ENSG00000006071,Pathogenic,Heterozygous,E,Frameshift,AD,SN deletion,2917,0,N/A,0
139,c.2924-17_2924-4del,,ABCC8,NM_001287174,ENST00000302539,ENSG00000006071,Pathogenic,Homozygous,I,Splice Site,AD,>1bp deletion,2924,-17,2924,-4
147,c.3084del,p.A1029fs,ABCC8,NM_001287174,ENST00000302539,ENSG00000006071,Pathogenic,Heterozygous,E,Frameshift,AD,SN deletion,3084,0
149,c.3127_3129delinsCAGCCAGGAACTG,,ABCC8,NM_001287174,ENST00000302539,ENSG00000006071,Pathogenic,,E,Frameshift,AD,delins,3127,0,3129,0,CAGCCAGGAACTG
151,c.3133_3152del,p.Thr1045fs,ABCC8,NM_001287174,ENST00000302539,ENSG00000006071,Pathogenic,Heterozygous,E,Frameshift,AD,>1bp deletion,3133,0,3152,0
161,c.3339dup,p.E1114*,ABCC8,NM_001287174,ENST00000302539,ENSG00000006071,Pathogenic,Homozygous,E,Nonsense,AD,SN duplication,3339,0
164,c.3402-?_3654+?del,p.?,ABCC8,NM_001287174,ENST00000302539,ENSG00000006071,Pathogenic,Heterozygous,E,Partial Gene Deletion,AD,Unknown start/end position of variation
168,c.3410dup,,ABCC8,NM_001287174,ENST00000302539,ENSG00000006071,Pathogenic,Homozygous,E,Frameshift,AD,SN duplication,3410,0,N/A,0
171,c.3512del,p.Leu1171fs,ABCC8,NM_001287174,ENST00000302539,ENSG00000006071,Pathogenic,Heterozygous,E,Frameshift,AD,SN deletion,3512,0,N/A,0
173,c.3512del,,ABCC8,NM_001287174,ENST00000302539,ENSG00000006071,Pathogenic,Heterozygous,E,Frameshift,AD,SN deletion,3512,0
175,c.3512del,,ABCC8,NM_001287174,ENST00000302539,ENSG00000006071,Pathogenic,Heterozygous,E,,AD,SN deletion,3512,0
185,c.3577del,p.D1193,ABCC8,NM_001287174,ENST00000302539,ENSG00000006071,Pathogenic,Heterozygous,E,Frameshift,AD,SN deletion,3577,0,N/A,0
191,c.3626_3628del,p.E1209del,ABCC8,NM_001287174,ENST00000302539,ENSG00000006071,Pathogenic,Heterozygous,E,In-Frame Deletion,AD,>1bp deletion,3626,0,3628,0
199,c.3757-17_3823del,p.?,ABCC8,NM_001287174,ENST00000302539,ENSG00000006071,Pathogenic,Homozygous,I,Splicing,AD,>1bp deletion,3757,-17,3823,0
211,c.3978del,p.Y1326X,ABCC8,NM_001287174,ENST00000302539,ENSG00000006071,Pathogenic,Heterozygous,E,Nonsense,AD,SN deletion,3978,0
219,c.4045_4061delinsT,p.N1349fs,ABCC8,NM_001287174,ENST00000302539,ENSG00000006071,Pathogenic,Heterozygous,E,Frameshift,AD,delins,4045,0,4061,0,T
230,c.4141_4143delinsCA,p.T1381fs,ABCC8,NM_001287174,ENST00000302539,ENSG00000006071,Pathogenic,Heterozygous,E,Frameshift,AD,delins,4141,0,4143,0,CA
234,c.4163_4165del,p.Phe1388del,ABCC8,NM_001287174,ENST00000302539,ENSG00000006071,Pathogenic,Heterozygous,E,Other,AD,>1bp deletion,4163,0,4165,0
242,c.4203del,p.H1402fs,ABCC8,NM_001287174,ENST00000302539,ENSG00000006071,Pathogenic,Homozygous,E,Frameshift,AD,SN deletion,4203,0
243,c.4213_4215del,p.Ile1405del,ABCC8,NM_001287174,ENST00000302539,ENSG00000006071,Pathogenic,Heterozygous,E,Other,AD,>1bp deletion,4213,0,4215,0
254,c.4325del,p.P1442fs,ABCC8,NM_001287174,ENST00000302539,ENSG00000006071,Pathogenic,Homozygous,E,Frameshift,AD,SN deletion,4325,0
270,c.453del,p.Ile152fs,ABCC8,NM_001287174,ENST00000302539,ENSG00000006071,Pathogenic,Homozygous,E,Frameshift,AD,SN deletion,453,0,N/A,0
290,c.522dup,p.L175fs,ABCC8,NM_001287174,ENST00000302539,ENSG00000006071,Pathogenic,Homozygous,E,Frameshift,AD,SN duplication,522,0
296,c.597_598dup,,ABCC8,NM_001287174,ENST00000302539,ENSG00000006071,Likely Pathogenic,Homozygous,E,Frameshift,AD,>1bp duplication,597,0,598,0
311,c.74del,p.G25fs,ABCC8,NM_001287174,ENST00000302539,ENSG00000006071,Pathogenic,Heterozygous,E,Frameshift,AD,SN deletion,74,0
315,c.81_82insA,p.V28fs,ABCC8,NM_001287174,ENST00000302539,ENSG00000006071,Pathogenic,Heterozygous,E,Frameshift,AD,insertion,81,0,82,0,A
323,c.950del,p.P317fs,ABCC8,NM_001287174,ENST00000302539,ENSG00000006071,Pathogenic,Homozygous,E,Frameshift,AD,SN deletion,950,0
328,c.(?_-50)_(99+1_100-1)del,p.0?,AIP,NM_003977,ENST00000279146,ENSG00000110711,Pathogenic,Heterozygous,E,Partial Gene Deletion,AD,Unknown start/end position of variation
331,c.333del,p.Lys112fs,AIP,NM_003977,ENST00000279146,ENSG00000110711,Pathogenic,Heterozygous,E,Frameshift,AD,SN deletion,333,0
333,c.338_341dup,,AIP,NM_003977,ENST00000279146,ENSG00000110711,Pathogenic,Heterozygous,E,Frameshift,AD,>1bp duplication,338,0,341,0
334,c.376_377del,p.Q126fs,AIP,NM_003977,ENST00000279146,ENSG00000110711,Pathogenic,Heterozygous,E,Frameshift,AD,>1bp deletion,376,0,377,0
343,c.607_608dup,p.D204fs,AIP,NM_003977,ENST00000279146,ENSG00000110711,Pathogenic,Heterozygous,E,Frameshift,AD,>1bp duplication,607,0,608,0
345,c.74_81delinsCCCCGAT,,AIP,NM_003977,ENST00000279146,ENSG00000110711,Likely Pathogenic,Heterozygous,E,Frameshift,AD,delins,74,0,81,0,CCCCGAT
350,c.805_825dup,p.Phe269_His275dup,AIP,NM_003977,ENST00000279146,ENSG00000110711,Pathogenic,Heterozygous,E,Other,AD,>1bp duplication,805,0,825,0
356,c.816del,p.,AIP,NM_003977,ENST00000279146,ENSG00000110711,Pathogenic,Heterozygous,E,Frameshift,AD,SN deletion,816,0,N/A,0
361,c.967del,p.Arg323fs,AIP,NM_003977,ENST00000279146,ENSG00000110711,Likely Pathogenic,Heterozygous,E,Frameshift,AD,SN deletion,967,0,N/A,0
363,c.976_977insC,p.Gly326fs,AIP,NM_003977,ENST00000279146,ENSG00000110711,Pathogenic,Heterozygous,E,Frameshift,AD,insertion,976,0,977,0,C
364,c.978dup,,AIP,NM_003977,ENST00000279146,ENSG00000110711,Pathogenic,Heterozygous,E,Frameshift,AD,SN duplication,978,0,N/A,0
366,c.(783+1_784-1)-?_(912+1_913-1)+?del,,AIP-MEN1,NM_003977,ENST00000279146,ENSG00000110711,Pathogenic,Heterozygous,E,Partial Gene Deletion,AD,Unknown start/end position of variation
367,c.-?_+?del,,AIP-MEN1,NM_003977,ENST00000279146,ENSG00000110711,Pathogenic,Heterozygous,I,,AD,Unknown start/end position of variation
368,c.1-?_445+?del,,AIP-MEN1,NM_003977,ENST00000279146,ENSG00000110711,Pathogenic,Heterozygous,E,,AD,Unknown start/end position of variation
369,c.1-?_993+?del,p.0?,AIP-MEN1,NM_003977,ENST00000279146,ENSG00000110711,Pathogenic,Heterozygous,E,Other,AD,Unknown start/end position of variation
371,c.-1_+6del,,AIP-MEN1,NM_003977,ENST00000279146,ENSG00000110711,Pathogenic,Heterozygous,E,Other,AD,Unknown start/end position of variation
372,c.100-?_279+?del,,AIP-MEN1,NM_003977,ENST00000279146,ENSG00000110711,Pathogenic,Heterozygous,E,Other,AD,Unknown start/end position of variation
373,c.-110-?_-24+?del,,AIP-MEN1,NM_003977,ENST00000279146,ENSG00000110711,Pathogenic,Heterozygous,I,,AD,Unknown start/end position of variation
375,c.-110-?_445+?del,p.0?,AIP-MEN1,NM_003977,ENST00000279146,ENSG00000110711,Pathogenic,Heterozygous,E,Other,AD,Unknown start/end position of variation
376,c.446-?_1833+?del,,AIP-MEN1,NM_003977,ENST00000279146,ENSG00000110711,Pathogenic,Heterozygous,E,,AD,Unknown start/end position of variation
377,c.260del,p.L87,AIRE,NM_003977,ENST00000279146,ENSG00000110711,Pathogenic,Homozygous,E,Frameshift,AD,SN deletion,260,0
386,c.2669del,p.P890fs,ARID1B,NM_020732,ENST00000346085,ENSG00000049618,Likely Pathogenic,Heterozygous,E,Frameshift,AD,SN deletion,2669,0
387,c.6129del,p.S2043fs,ARID1B,NM_020732,ENST00000346085,ENSG00000049618,Pathogenic,Heterozygous,E,Frameshift,AD,SN deletion,6129,0
391,c.148_162del,p.,ARSE,NM_000047,ENST00000381134,ENSG00000157399,Likely Pathogenic,Homozygous,E,,XR,>1bp deletion,148,0,162,0
398,c.3031del,p.V1014fs,ASH1L,NM_018489,ENST00000392403,ENSG00000157399,Likely Pathogenic,Heterozygous,E,Frameshift,XR,SN deletion,3031,0
404,c.2035_2036del,p.S679fs,BCL11A,NM_022893,ENST00000335712,ENSG00000119866,Pathogenic,Heterozygous,E,Frameshift,AR,>1bp deletion,2035,0,2036,0
408,c.1798_1799delinsAA,p.V600K,BRAF,NM_004333,ENST00000288602,ENSG00000157764,Pathogenic,Heterozygous,I,Missense,AD,delins,1798,0,1799,0,AA
412,c.1099_1150del,p.T367T,CALR,NM_004343.3,ENST00000316448.5,ENSG00000179218,Pathogenic,Mosaic,E,Frameshift,AR,>1bp deletion,1099,0,1150,0
417,c.1100_1145del,p.L367?,CALR,NM_004343.3,ENST00000316448.5,ENSG00000179218,Pathogenic,Heterozygous,E,Frameshift,AR,>1bp deletion,1100,0,1145,0
418,c.1130_1149del,p.K377?,CALR,NM_004343.3,ENST00000316448.5,ENSG00000179218,Pathogenic,Acquired,E,Frameshift,AR,>1bp deletion,1130,0,1149,0
419,c.1150_1151delinsTGTC,p.D384fs,CALR,NM_004343.3,ENST00000316448.5,ENSG00000179218,Likely Pathogenic,Mosaic,E,Frameshift,AR,delins,1150,0,1151,0,TGTC
420,c.1154_1154delinsTTTGTC,p.K385fs,CALR,NM_004343.3,ENST00000316448.5,ENSG00000179218,Pathogenic,Mosaic,E,Frameshift,AR,delins,1154,0,1154,0,TTTGTC
422,c.1154_1155delinsTTTGTC,,CALR,NM_004343.3,ENST00000316448.5,ENSG00000179218,Pathogenic,Heterozygous,E,Missense,AR,delins,1154,0,1155,0,TTTGTC
423,c.1154_1155insTTGTC,,CALR,NM_004343.3,ENST00000316448.5,ENSG00000179218,Pathogenic,Homozygous,E,Frameshift,AR,insertion,1154,0,1155,0,TTGTC
429,c.1673_1674del,p.E558fs,CASR,NM_000388,ENST00000490131,ENSG00000036828,Pathogenic,Heterozygous,E,Frameshift,AD,>1bp deletion,1673,0,1674,0
434,c.1902_1906delinsG,,CASR,NM_000388,ENST00000490131,ENSG00000036828,Pathogenic,Heterozygous,E,Frameshift,AD,delins,1902,0,1906,0,G
437,c.2099del,p.,CASR,NM_000388,ENST00000490131,ENSG00000036828,Likely Pathogenic,Heterozygous,E,Frameshift,AD,SN deletion,2099,0,N/A,0
442,c.2946del,p.Q983fs,CASR,NM_000388,ENST00000490131,ENSG00000036828,Pathogenic,Heterozygous,E,Frameshift,AD,SN deletion,2946,0
455,c.668del,p.Q223fs,CD25,NM_145020,ENST00000398545,ENSG00000172361,Pathogenic,Homozygous,E,Frameshift,AR,SN deletion,668,0
459,c.584_585del,p.S195fs,CDC73,NM_024529,ENST00000367435,ENSG00000134371,Pathogenic,Heterozygous,E,Frameshift,AR,>1bp deletion,584,0,585,0
461,c.78_81del,p.I26fs,CDC73,NM_024529,ENST00000367435,ENSG00000134371,Pathogenic,Heterozygous,E,Frameshift,AR,>1bp deletion,78,0,81,0
466,c.1521_1523del,p.F508del,CFSCREEN,NM_000492,ENST00000003084,ENSG00000136698,Pathogenic,Homozygous,E,In-Frame Deletion,AD,>1bp deletion,1521,0,1523,0
469,c.1521_1523del,p.Phe508del,CFTR,NM_000492,ENST00000003084,ENSG00000001626,Pathogenic,Heterozygous,E,Other,AR,>1bp deletion,1521,0,1523,0
471,c.1522_1524del,p.F508del,CFTR,NM_000492,ENST00000003084,ENSG00000001626,Pathogenic,Heterozygous,E,In-Frame Deletion,AR,>1bp deletion,1522,0,1524,0
479,c.3062_3079del,p.P1021_G1026,COL2A1,NM_001844,ENST00000380518,ENSG00000139219,Pathogenic,Heterozygous,E,In-Frame Deletion,AR,>1bp deletion,3062,0,3079,0
483,c.1885_1897+18del,p.P629fs,COL4A1,NM_001845,ENST00000375820,ENSG00000187498,Likely Pathogenic,Heterozygous,E,Frameshift,AD,>1bp deletion,1885,0,1897,18
489,c.2699_2700delinsTG,,COL4A1,NM_001845,ENST00000375820,ENSG00000187498,Pathogenic,Heterozygous,E,Missense,AD,delins,2699,0,2700,0,TG
503,c.566_631del,p.T189_V211delinsM,CRLF1,NM_015697,ENST00000311469,ENSG00000173085,Likely Pathogenic,Homozygous,E,In-Frame Deletion,AD,>1bp deletion,566,0,631,0
506,c.1681_1682del,p.V561X,DDX3X,NM_001356,ENST00000399959,ENSG00000215301,Pathogenic,Heterozygous,E,Nonsense,AD,>1bp deletion,1681,0,1682,0
511,c.1365_1381del,p.Cys455fs,DLL3,NM_016941,ENST00000205143,ENSG00000090932,Pathogenic,Homozygous,E,Frameshift,AR,>1bp deletion,1365,0,1381,0
512,c.1418del,p.A473fs,DLL3,NM_016941,ENST00000205143,ENSG00000090932,Pathogenic,Heterozygous,E,Frameshift,AR,SN deletion,1418,0
513,c.1504_1507del,p.A502fs,DLL3,NM_016941,ENST00000205143,ENSG00000090932,Pathogenic,Heterozygous,E,Frameshift,AR,>1bp deletion,1504,0,1507,0
516,c.599_603dup,p.Pro202Alafs,DLL3,NM_016941,ENST00000205143,ENSG00000090932,Pathogenic,Homozygous,E,Frameshift,AR,>1bp duplication,599,0,603,0
517,c.885del,p.Phe296fs,DLL3,NM_016941,ENST00000205143,ENSG00000090932,Pathogenic,Homozygous,E,Frameshift,AR,SN deletion,885,0,N/A,0
518,c.945_946del,p.Ala317fs,DLL3,NM_016941,ENST00000205143,ENSG00000090932,Pathogenic,Homozygous,E,Frameshift,AR,>1bp deletion,945,0,946,0
524,c.185_187del,p.Arg63del,EBP,NM_006579,ENST00000495186,ENSG00000147155,Pathogenic,Heterozygous,E,Other,XD,>1bp deletion,185,0,187,0
537,c.588del,p.W195fs,EBP,NM_006579,ENST00000495186,ENSG00000147155,Pathogenic,Heterozygous,E,Frameshift,XD,SN deletion,588,0
538,c.97dup,,EBP,NM_006579,ENST00000495186,ENSG00000147155,Pathogenic,Heterozygous,E,Frameshift,XD,SN duplication,97,0,N/A,0
540,c.122_123dup,p.D42fs,EFTUD2,NM_004247,ENST00000426333,ENSG00000108883,Pathogenic,Heterozygous,E,Frameshift,AD,>1bp duplication,122,0,123,0
542,c.291del,p.T99fs,EFTUD2,NM_004247,ENST00000426333,ENSG00000108883,Pathogenic,Heterozygous,E,Frameshift,AD,SN deletion,291,0
543,c.335dup,p.V113fs,EFTUD2,NM_004247,ENST00000426333,ENSG00000108883,Pathogenic,Heterozygous,E,Frameshift,AD,SN duplication,335,0
544,c.434_435del,p.F145fs,EFTUD2,NM_004247,ENST00000426333,ENSG00000108883,Pathogenic,Heterozygous,E,Frameshift,AD,>1bp deletion,434,0,435,0
548,c.944del,p.S315fs,EFTUD2,NM_004247,ENST00000426333,ENSG00000108883,Pathogenic,Heterozygous,E,Frameshift,AD,SN deletion,944,0
554,c.2235_2249del,p.Glu746_Ala750del,EGFR,NM_004247,ENST00000426333,ENSG00000108883,Pathogenic,,E,Frameshift,AD,>1bp deletion,2235,0,2249,0
559,c.2235_2264del,p.,EGFR,NM_004247,ENST00000426333,ENSG00000108883,Pathogenic,Heterozygous,E,,AD,>1bp deletion,2235,0,2264,0
560,c.2236_2250del,p.,EGFR,NM_004247,ENST00000426333,ENSG00000108883,Pathogenic,Mosaic,E,Frameshift,AD,>1bp deletion,2236,0,2250,0
563,c.2237_2255delinsT,p.Glu746_Ser752delinsVal,EGFR,NM_004247,ENST00000426333,ENSG00000108883,Pathogenic,Mosaic,E,Frameshift,AD,delins,2237,0,2255,0,T
564,c.2239_2248delinsC,,EGFR,NM_004247,ENST00000426333,ENSG00000108883,Pathogenic,,E,,AD,delins,2239,0,2248,0,C
567,c.2239_2251delinsC,,EGFR,NM_004247,ENST00000426333,ENSG00000108883,Pathogenic,Heterozygous,E,,AD,delins,2239,0,2251,0,C
568,c.2240_2254del,p.L747_T751del,EGFR,NM_004247,ENST00000426333,ENSG00000108883,Pathogenic,Mosaic,E,In-Frame Deletion,AD,>1bp deletion,2240,0,2254,0
569,c.2240_2257del,p.Leu747_Pro753delinsSer,EGFR,NM_004247,ENST00000426333,ENSG00000108883,Pathogenic,Mosaic,E,Other,AD,>1bp deletion,2240,0,2257,0
571,c.2251_2277delinsTCT,,EGFR,NM_004247,ENST00000426333,ENSG00000108883,Pathogenic,Mosaic,E,Other,AD,delins,2251,0,2277,0,TCT
572,c.2297_2305dup,p.A767_V769dup,EGFR,NM_004247,ENST00000426333,ENSG00000108883,Pathogenic,Heterozygous,E,In-Frame Duplication,AD,>1bp duplication,2297,0,2305,0
574,c.2300_2308dup,p.Ala767_Val769dup,EGFR,NM_004247,ENST00000426333,ENSG00000108883,Likely Pathogenic,Mosaic,E,In-Frame Duplication,AD,>1bp duplication,2300,0,2308,0
577,c.2317_2319dup,p.H773dup,EGFR,NM_004247,ENST00000426333,ENSG00000108883,Pathogenic,Mosaic,E,Other,AD,>1bp duplication,2317,0,2319,0
580,c.2335_2336delinsTT,p.G779F,EGFR,NM_004247,ENST00000426333,ENSG00000108883,Likely Pathogenic,Heterozygous,E,Missense,AD,delins,2335,0,2336,0,TT
585,c.1149_1150del,p.N383fs,EIF2AK3,NM_004836,ENST00000303236,ENSG00000172071,Pathogenic,Homozygous,E,Frameshift,AR,>1bp deletion,1149,0,1150,0
586,c.1213_1214del,p.K405,EIF2AK3,NM_004836,ENST00000303236,ENSG00000172071,Pathogenic,Heterozygous,E,Frameshift,AR,>1bp deletion,1213,0,1214,0
588,c.1254_1257delinsCGCAATCTGTCACTAACGCAATTGGT,p.E421fs,EIF2AK3,NM_004836,ENST00000303236,ENSG00000172071,Pathogenic,Heterozygous,E,Frameshift,AR,delins,1254,0,1257,0,CGCAATCTGTCACTAACGCAATTGGT
589,c.1259del,p.Asn421fs,EIF2AK3,NM_004836,ENST00000303236,ENSG00000172071,Pathogenic,Heterozygous,E,Frameshift,AR,SN deletion,1259,0,N/A,0
594,c.1567_1570del,p.E523fs,EIF2AK3,NM_004836,ENST00000303236,ENSG00000172071,Pathogenic,Homozygous,E,Frameshift,AR,>1bp deletion,1567,0,1570,0
596,c.1586del,p.L529fs,EIF2AK3,NM_004836,ENST00000303236,ENSG00000172071,Pathogenic,Homozygous,E,Frameshift,AR,SN deletion,1586,0
597,c.1591dup,p.C531fs,EIF2AK3,NM_004836,ENST00000303236,ENSG00000172071,Pathogenic,Heterozygous,E,Frameshift,AR,SN duplication,1591,0
598,c.1670dup,p.C558fs,EIF2AK3,NM_004836,ENST00000303236,ENSG00000172071,Pathogenic,Heterozygous,E,Frameshift,AR,SN duplication,1670,0
599,c.1745_1746del,p.S582fs,EIF2AK3,NM_004836,ENST00000303236,ENSG00000172071,Pathogenic,Homozygous,E,Frameshift,AR,>1bp deletion,1745,0,1746,0
602,c.1840_1843delinsTCT,p.D614fs,EIF2AK3,NM_004836,ENST00000303236,ENSG00000172071,Pathogenic,Heterozygous,E,Frameshift,AR,delins,1840,0,1843,0,TCT
608,c.2156del,p.S719fs,EIF2AK3,NM_004836,ENST00000303236,ENSG00000172071,Pathogenic,Homozygous,E,Frameshift,AR,SN deletion,2156,0
611,c.2511_2514del,p.T838fs,EIF2AK3,NM_004836,ENST00000303236,ENSG00000172071,Pathogenic,Heterozygous,E,Frameshift,AR,>1bp deletion,2511,0,2514,0
612,c.2562dup,p.I855fs,EIF2AK3,NM_004836,ENST00000303236,ENSG00000172071,Pathogenic,Homozygous,E,Frameshift,AR,SN duplication,2562,0
613,c.2589_2593del,p.L863fs,EIF2AK3,NM_004836,ENST00000303236,ENSG00000172071,Pathogenic,Homozygous,E,Frameshift,AR,>1bp deletion,2589,0,2593,0
615,c.2713dup,p.T905fs,EIF2AK3,NM_004836,ENST00000303236,ENSG00000172071,Pathogenic,Homozygous,E,Frameshift,AR,SN duplication,2713,0
616,c.2731_2732dup,p.S912fs,EIF2AK3,NM_004836,ENST00000303236,ENSG00000172071,Pathogenic,Homozygous,E,Frameshift,AR,>1bp duplication,2731,0,2732,0
617,c.2865_2871delinsCCC,p.G956fs,EIF2AK3,NM_004836,ENST00000303236,ENSG00000172071,Pathogenic,Homozygous,E,Frameshift,AR,delins,2865,0,2871,0,CCC
620,c.2941del,p.T981fs,EIF2AK3,NM_004836,ENST00000303236,ENSG00000172071,Pathogenic,Homozygous,E,Frameshift,AR,SN deletion,2941,0
623,c.3112_3113insA,p.F1038fs,EIF2AK3,NM_004836,ENST00000303236,ENSG00000172071,Uncertain,Homozygous,E,Frameshift,AR,insertion,3112,0,3113,0,A
627,c.492_495del,p.D164fs,EIF2AK3,NM_004836,ENST00000303236,ENSG00000172071,Pathogenic,Heterozygous,E,Frameshift,AR,>1bp deletion,492,0,495,0
630,c.640_643dup,p.C216fs,EIF2AK3,NM_004836,ENST00000303236,ENSG00000172071,Pathogenic,Homozygous,E,Frameshift,AR,>1bp duplication,640,0,643,0
632,c.733dup,p.R245fs,EIF2AK3,NM_004836,ENST00000303236,ENSG00000172071,Pathogenic,Homozygous,E,Frameshift,AR,SN duplication,733,0
634,c.869_870del,p.E290fs,EIF2AK3,NM_004836,ENST00000303236,ENSG00000172071,Pathogenic,Homozygous,E,Frameshift,AR,>1bp deletion,869,0,870,0
641,c.2662del,p.Arg888fs,ENPP1,NM_006208,ENST00000360971,ENSG00000197594,Pathogenic,Homozygous,E,Frameshift,AR,SN deletion,2662,0,N/A,0
642,c.761del,p.Thr254fs,ENPP1,NM_006208,ENST00000360971,ENSG00000197594,Pathogenic,Homozygous,E,Frameshift,AR,SN deletion,761,0,N/A,0
653,c.2034del,p.D679fs,FGD1,NM_004463,ENST00000375135,ENSG00000102302,Pathogenic,Hemizygous,E,Frameshift,XR,SN deletion,2034,0
655,c.2434dup,p.E812fs,FGD1,NM_004463,ENST00000375135,ENSG00000102302,Pathogenic,Hemizygous,E,Frameshift,XR,SN duplication,2434,0
656,c.2617_2632del,p.F873fs,FGD1,NM_004463,ENST00000375135,ENSG00000102302,Pathogenic,Hemizygous,E,Frameshift,XR,>1bp deletion,2617,0,2632,0
657,c.2636_2637del,p.Glu879fs,FGD1,NM_004463,ENST00000375135,ENSG00000102302,Pathogenic,Hemizygous,E,Frameshift,XR,>1bp deletion,2636,0,2637,0
658,c.2715dup,p.E906fs,FGD1,NM_004463,ENST00000375135,ENSG00000102302,Pathogenic,Hemizygous,E,Frameshift,XR,SN duplication,2715,0
661,c.514del,p.R172fs,FGD1,NM_004463,ENST00000375135,ENSG00000102302,Pathogenic,Hemizygous,E,Frameshift,XR,SN deletion,514,0
662,c.527dup,,FGD1,NM_004463,ENST00000375135,ENSG00000102302,Pathogenic,Hemizygous,E,Frameshift,XR,SN duplication,527,0,N/A,0
663,c.527dup,,FGD1,NM_004463,ENST00000375135,ENSG00000102302,Pathogenic,Hemizygous,E,,XR,SN duplication,527,0
668,c.1-?_1140+?del,p.0?,FOXF1,NM_001451,ENST00000262426,ENSG00000103241,Pathogenic,Heterozygous,E,,AD,Unknown start/end position of variation
669,c.1077_1080dup,p.G361fs,FOXF1,NM_001451,ENST00000262426,ENSG00000103241,Likely Pathogenic,Heterozygous,E,Frameshift,AD,>1bp duplication,1077,0,1080,0
679,c.691_698del,p.A231fs,FOXF1,NM_001451,ENST00000262426,ENSG00000103241,Pathogenic,Heterozygous,E,Frameshift,AD,>1bp deletion,691,0,698,0
680,c.86215055-?_86237268+?del,p.?,FOXF1,NM_001451,ENST00000262426,ENSG00000103241,Pathogenic,Heterozygous,I,Partial Gene Deletion,AD,Unknown start/end position of variation
681,c.86215055-?_86260262+?del,p.?,FOXF1,NM_001451,ENST00000262426,ENSG00000103241,Pathogenic,Heterozygous,E,Partial Gene Deletion,AD,Unknown start/end position of variation
682,c.86215055_86281189del,p.?,FOXF1,NM_001451,ENST00000262426,ENSG00000103241,Pathogenic,Heterozygous,I,Partial Gene Deletion,AD,cDNA position too large
683,c.90_96del,p.S31fs,FOXF1,NM_001451,ENST00000262426,ENSG00000103241,Pathogenic,Heterozygous,E,Frameshift,AD,>1bp deletion,90,0,96,0
684,c.936del,p.,FOXF1,NM_001451,ENST00000262426,ENSG00000103241,Pathogenic,Heterozygous,E,Frameshift,AD,SN deletion,936,0,N/A,0
685,c.g.?-86215055_86237268-86260239del,p.0?,FOXF1,NM_001451,ENST00000262426,ENSG00000103241,Pathogenic,Heterozygous,I,,AD,Unknown start/end position of variation
686,c.g.86215055-?_86281189+?del,,FOXF1,NM_001451,ENST00000262426,ENSG00000103241,Pathogenic,Heterozygous,I,Whole Gene Deletion,AD,Unknown start/end position of variation
687,,p.0?,FOXF1,NM_001451,ENST00000262426,ENSG00000103241,Pathogenic,Heterozygous,I,,AD,No variation to assess
689,c.889dup,p.E297fs,FOXP1,NM_001451,ENST00000262426,ENSG00000103241,Pathogenic,Heterozygous,E,Frameshift,AD,SN duplication,889,0
698,c.1240del,p.R414fs,FOXP3,NM_014009,ENST00000376207,ENSG00000049768,Pathogenic,Hemizygous,E,Frameshift,XR,SN deletion,1240,0
699,c.1276_1286del,p.N426fs,FOXP3,NM_014009,ENST00000376207,ENSG00000049768,Pathogenic,Homozygous,E,,XR,>1bp deletion,1276,0,1286,0
702,c.636_646del,p.D213fs,FOXP3,NM_014009,ENST00000376207,ENSG00000049768,Pathogenic,Hemizygous,E,Frameshift,XR,>1bp deletion,636,0,646,0
703,c.748_750del,p.K250del,FOXP3,NM_014009,ENST00000376207,ENSG00000049768,Pathogenic,Hemizygous,E,In-Frame Deletion,XR,>1bp deletion,748,0,750,0
704,c.751_753del,p.E251del,FOXP3,NM_014009,ENST00000376207,ENSG00000049768,Pathogenic,Hemizygous,E,In-Frame Deletion,XR,>1bp deletion,751,0,753,0
714,c.677del,p.A226fs,GALNT3,NM_004482,ENST00000392701,ENSG00000115339,Pathogenic,Homozygous,E,Frameshift,AR,SN deletion,677,0
716,c.803dup,,GALNT3,NM_004482,ENST00000392701,ENSG00000115339,Pathogenic,Homozygous,E,Frameshift,AR,SN duplication,803,0,N/A,0
717,c.803dup,p.Thr269fs,GALNT3,NM_004482,ENST00000392701,ENSG00000115339,Pathogenic,Homozygous,E,Frameshift,AR,SN duplication,803,0
718,c.892del,p.Y298fs,GALNT3,NM_004482,ENST00000392701,ENSG00000115339,Pathogenic,Heterozygous,E,Frameshift,AR,SN deletion,892,0
726,c.(?_-441)_(45+13_46-1)del,p.?,GCK,NM_000162,ENST00000403799,ENSG00000106633,Pathogenic,Heterozygous,E,Partial Gene Deletion,AD,Unknown start/end position of variation
727,c.1-?_45+?del,,GCK,NM_000162,ENST00000403799,ENSG00000106633,Pathogenic,Heterozygous,E,Other,AD,Unknown start/end position of variation
728,c.1000_1018del,p.F334fs,GCK,NM_000162,ENST00000403799,ENSG00000106633,Pathogenic,Heterozygous,E,Frameshift,AD,>1bp deletion,1000,0,1018,0
739,c.1119_1120dup,,GCK,NM_000162,ENST00000403799,ENSG00000106633,Pathogenic,Heterozygous,E,,AD,>1bp duplication,1119,0,1120,0
745,c.1148del,p.S383fs,GCK,NM_000162,ENST00000403799,ENSG00000106633,Pathogenic,Homozygous,E,Frameshift,AD,SN deletion,1148,0
746,c.115_117del,p.K39del,GCK,NM_000162,ENST00000403799,ENSG00000106633,Pathogenic,Heterozygous,E,In-Frame Deletion,AD,>1bp deletion,115,0,117,0
748,c.1156del,p.L386?,GCK,NM_000162,ENST00000403799,ENSG00000106633,Pathogenic,Heterozygous,E,Frameshift,AD,SN deletion,1156,0
756,c.1232_1244del,p.S411fs,GCK,NM_000162,ENST00000403799,ENSG00000106633,Pathogenic,Heterozygous,E,Frameshift,AD,>1bp deletion,1232,0,1244,0
758,c.1251del,p.S418fs,GCK,NM_000162,ENST00000403799,ENSG00000106633,Pathogenic,Heterozygous,E,Frameshift,AD,SN deletion,1251,0
763,c.1301_1302delinsTT,p.C434F,GCK,NM_000162,ENST00000403799,ENSG00000106633,Pathogenic,Heterozygous,E,Missense,AD,delins,1301,0,1302,0,TT
768,c.1340_1368del,p.R477fs,GCK,NM_000162,ENST00000403799,ENSG00000106633,Pathogenic,Heterozygous,E,Frameshift,AD,>1bp deletion,1340,0,1368,0
771,c.1361_1363dup,p.A454dup,GCK,NM_000162,ENST00000403799,ENSG00000106633,Pathogenic,Mosaic,E,In-Frame Duplication,AD,>1bp duplication,1361,0,1363,0
777,c.181_183delinsCAA,p.Tyr61Gln,GCK,NM_000162,ENST00000403799,ENSG00000106633,Pathogenic,Heterozygous,E,Missense,AD,delins,181,0,183,0,CAA
792,c.351_358del,p.T118fs,GCK,NM_000162,ENST00000403799,ENSG00000106633,Pathogenic,Heterozygous,E,Frameshift,AD,>1bp deletion,351,0,358,0
795,c.367_369del,p.F123,GCK,NM_000162,ENST00000403799,ENSG00000106633,Pathogenic,Heterozygous,E,In-Frame Deletion,AD,>1bp deletion,367,0,369,0
797,c.425_426delinsC,p.K142fs,GCK,NM_000162,ENST00000403799,ENSG00000106633,Pathogenic,Heterozygous,E,Frameshift,AD,delins,425,0,426,0,C
799,c.45+12_46-1-?_208+1_209-1+?del,,GCK,NM_000162,ENST00000403799,ENSG00000106633,Pathogenic,Heterozygous,E,,AD,Unknown start/end position of variation
804,c.46-?_1398+?del,p.?,GCK,NM_000162,ENST00000403799,ENSG00000106633,Pathogenic,Heterozygous,E,Partial Gene Deletion,AD,Unknown start/end position of variation
808,c.483+2_483+16del,p.,GCK,NM_000162,ENST00000403799,ENSG00000106633,Pathogenic,Heterozygous,I,,AD,>1bp deletion,483,2,483,16
829,c.580del,p.D194fs,GCK,NM_000162,ENST00000403799,ENSG00000106633,Pathogenic,Heterozygous,E,Frameshift,AD,SN deletion,580,0
833,c.635_637del,p.S212del,GCK,NM_000162,ENST00000403799,ENSG00000106633,Pathogenic,Heterozygous,E,In-Frame Deletion,AD,>1bp deletion,635,0,637,0
850,c.756_770del,p.C252_E256del,GCK,NM_000162,ENST00000403799,ENSG00000106633,Uncertain,Homozygous,E,In-Frame Deletion,AD,>1bp deletion,756,0,770,0
851,c.757del,p.,GCK,NM_000162,ENST00000403799,ENSG00000106633,Pathogenic,Heterozygous,E,,AD,SN deletion,757,0,N/A,0
872,c.896del,p.G299fs,GCK,NM_000162,ENST00000403799,ENSG00000106633,Pathogenic,Heterozygous,E,Frameshift,AD,SN deletion,896,0
878,c.938del,p.N313fs,GCK,NM_000162,ENST00000403799,ENSG00000106633,Pathogenic,Heterozygous,E,Frameshift,AD,SN deletion,938,0
879,c.938dup,p.L314fs,GCK,NM_000162,ENST00000403799,ENSG00000106633,Pathogenic,Heterozygous,E,Frameshift,AD,SN duplication,938,0
885,c.98_118dup,p.V33_L39,GCK,NM_000162,ENST00000403799,ENSG00000106633,Likely Pathogenic,Heterozygous,E,In-Frame Duplication,AD,>1bp duplication,98,0,118,0
895,c.932del,p.,GLIS3,NM_001042413,ENST00000381971,ENSG00000107249,Pathogenic,Homozygous,E,Frameshift,AR,SN deletion,932,0,N/A,0
910,c.374_375insTTCA,p.K125fs,HADH,NM_005327,ENST00000309522,ENSG00000138796,Pathogenic,Heterozygous,E,Frameshift,AR,insertion,374,0,375,0,TTCA
913,c.587del,p.S196fs,HADH,NM_005327,ENST00000309522,ENSG00000138796,Pathogenic,Homozygous,E,Frameshift,AR,SN deletion,587,0
914,c.617del,p.Lys206fs,HADH,NM_005327,ENST00000309522,ENSG00000138796,Pathogenic,Heterozygous,E,Frameshift,AR,SN deletion,617,0
917,c.664_668del,p.L222fs,HADH,NM_005327,ENST00000309522,ENSG00000138796,Pathogenic,Heterozygous,E,Frameshift,AR,>1bp deletion,664,0,668,0
921,c.385_394dup,,HES7,NM_032580,ENST00000541682,ENSG00000179111,Likely Pathogenic,Homozygous,E,Frameshift,AR,>1bp duplication,385,0,394,0
922,c.(?_-1)_(*1_?)del,p.0?,HNF1A,NM_000545,ENST00000541395,ENSG00000135100,Pathogenic,Heterozygous,E,Whole Gene Deletion,AD,Unknown start/end position of variation
923,c.(?_1-28)_(344+1_345-1)del,p.0?,HNF1A,NM_000545,ENST00000541395,ENSG00000135100,Pathogenic,Heterozygous,E,Partial Gene Deletion,AD,Unknown start/end position of variation
926,c.1042dup,p.L348fs,HNF1A,NM_000545,ENST00000541395,ENSG00000135100,Pathogenic,Heterozygous,E,Frameshift,AD,SN duplication,1042,0
927,c.1045del,p.H349fs,HNF1A,NM_000545,ENST00000541395,ENSG00000135100,Pathogenic,Heterozygous,E,Frameshift,AD,SN deletion,1045,0
928,c.1053del,p.S352fs,HNF1A,NM_000545,ENST00000541395,ENSG00000135100,Pathogenic,Heterozygous,E,Frameshift,AD,SN deletion,1053,0
931,c.1136_1137del,p.P379fs,HNF1A,NM_000545,ENST00000541395,ENSG00000135100,Pathogenic,Heterozygous,E,Frameshift,AD,>1bp deletion,1136,0,1137,0
937,c.1330_1331del,p.Q444fs,HNF1A,NM_000545,ENST00000541395,ENSG00000135100,Pathogenic,Heterozygous,E,Frameshift,AD,>1bp deletion,1330,0,1331,0
942,c.1822_1823del,p.Ser608fs,HNF1A,NM_000545,ENST00000541395,ENSG00000135100,Pathogenic,Heterozygous,E,Frameshift,AD,>1bp deletion,1822,0,1823,0
944,c.197dup,p.T67fs,HNF1A,NM_000545,ENST00000541395,ENSG00000135100,Pathogenic,Heterozygous,E,Frameshift,AD,SN duplication,197,0
950,c.327-3_327-1del,p.?,HNF1A,NM_000545,ENST00000541395,ENSG00000135100,Pathogenic,Heterozygous,I,Splice Site,AD,>1bp deletion,327,-3,327,-1
963,c.51_52insCG,p.E18fs,HNF1A,NM_000545,ENST00000541395,ENSG00000135100,Pathogenic,Heterozygous,E,Frameshift,AD,insertion,51,0,52,0,CG
973,c.666_668del,p.K222del,HNF1A,NM_000545,ENST00000541395,ENSG00000135100,Pathogenic,Heterozygous,E,In-Frame Deletion,AD,>1bp deletion,666,0,668,0
977,c.690_691del,p.Glu230fs,HNF1A,NM_000545,ENST00000541395,ENSG00000135100,Pathogenic,Heterozygous,E,Frameshift,AD,>1bp deletion,690,0,691,0
987,c.824_826del,p.Glu275del,HNF1A,NM_000545,ENST00000541395,ENSG00000135100,Pathogenic,Heterozygous,E,Other,AD,>1bp deletion,824,0,826,0
994,c.871_872dup,p.G292fs,HNF1A,NM_000545,ENST00000541395,ENSG00000135100,Pathogenic,Heterozygous,E,Frameshift,AD,>1bp duplication,871,0,872,0
995,c.872del,p.,HNF1A,NM_000545,ENST00000541395,ENSG00000135100,Pathogenic,Heterozygous,E,Frameshift,AD,SN deletion,872,0,N/A,0
996,c.872dup,,HNF1A,NM_000545,ENST00000541395,ENSG00000135100,Pathogenic,Heterozygous,E,Frameshift,AD,SN duplication,872,0,N/A,0
997,c.872del,p.G292fs,HNF1A,NM_000545,ENST00000541395,ENSG00000135100,Pathogenic,Heterozygous,E,Frameshift,AD,SN deletion,872,0
999,c.872dup,p.G292fs,HNF1A,NM_000545,ENST00000541395,ENSG00000135100,Pathogenic,Heterozygous,E,Frameshift,AD,SN duplication,872,0
1002,c.873del,p.P293,HNF1A,NM_000545,ENST00000541395,ENSG00000135100,Pathogenic,Heterozygous,E,Frameshift,AD,SN deletion,873,0
1003,c.887dup,p.P297fs,HNF1A,NM_000545,ENST00000541395,ENSG00000135100,Pathogenic,Heterozygous,E,Frameshift,AD,SN duplication,887,0
1007,c.(?_-1)_(*151_?)del,p.0?,HNF1B,NM_000458,ENST00000225893,ENSG00000108753,Pathogenic,Heterozygous,E,Whole Gene Deletion,AD,Unknown start/end position of variation
1009,c.?_-1-?_*151_?+?del,,HNF1B,NM_000458,ENST00000225893,ENSG00000108753,Pathogenic,Heterozygous,E,,AD,Unknown start/end position of variation
1011,c.1-?_*151+?del,p.0?,HNF1B,NM_000458,ENST00000225893,ENSG00000108753,Pathogenic,Heterozygous,E,,AD,Unknown start/end position of variation
1012,c.-1-?_*151+?del,p.0?,HNF1B,NM_000458,ENST00000225893,ENSG00000108753,Pathogenic,Heterozygous,E,Whole Gene Deletion,AD,Unknown start/end position of variation
1013,c.1-?_1674+?del,p.0?,HNF1B,NM_000458,ENST00000225893,ENSG00000108753,Pathogenic,Heterozygous,E,Whole Gene Deletion,AD,Unknown start/end position of variation
1015,c.1-?_344+?del,,HNF1B,NM_000458,ENST00000225893,ENSG00000108753,Pathogenic,Heterozygous,E,Other,AD,Unknown start/end position of variation
1017,c.234_254del,p.,HNF1B,NM_000458,ENST00000225893,ENSG00000108753,Likely Pathogenic,Heterozygous,E,,AD,>1bp deletion,234,0,254,0
1023,c.477del,p.M160X,HNF1B,NM_000458,ENST00000225893,ENSG00000108753,Pathogenic,Heterozygous,E,Nonsense,AD,SN deletion,477,0
1027,c.544+2dup,p.?,HNF1B,NM_000458,ENST00000225893,ENSG00000108753,Pathogenic,Heterozygous,I,Missense,AD,SN duplication,544,2
1028,c.544+3_544+6del,p.?,HNF1B,NM_000458,ENST00000225893,ENSG00000108753,Pathogenic,Heterozygous,I,Missense,AD,>1bp deletion,544,3,544,6
1029,c.-7_9del,,HNF1B,NM_000458,ENST00000225893,ENSG00000108753,Pathogenic,Heterozygous,E,,AD,Unknown start/end position of variation
1033,c.910del,p.R304fs,HNF1B,NM_000458,ENST00000225893,ENSG00000108753,Pathogenic,Heterozygous,E,Frameshift,AD,SN deletion,910,0
1035,c.972_973del,p.His324fs,HNF1B,NM_000458,ENST00000225893,ENSG00000108753,Pathogenic,Heterozygous,E,Frameshift,AD,>1bp deletion,972,0,973,0
1036,,p.0?,HNF1B,NM_000458,ENST00000225893,ENSG00000108753,Pathogenic,Heterozygous,E,Whole Gene Deletion,AD,No variation to assess
1039,c.1067_1073del,p.P357,HNF4A,NM_175914,ENST00000457232,ENSG00000101076,Pathogenic,Heterozygous,E,Frameshift,AD,>1bp deletion,1067,0,1073,0
1049,c.21_22del,p.L8fs,HNF4A,NM_175914,ENST00000457232,ENSG00000101076,Pathogenic,Heterozygous,E,Frameshift,AD,>1bp deletion,21,0,22,0
1050,c.219del,p.C74fs,HNF4A,NM_175914,ENST00000457232,ENSG00000101076,Uncertain,Heterozygous,E,Frameshift,AD,SN deletion,219,0
1053,c.33_48dup,p.D17fs,HNF4A,NM_175914,ENST00000457232,ENSG00000101076,Pathogenic,Heterozygous,E,Frameshift,AD,>1bp duplication,33,0,48,0
1061,c.438del,p.V147fs,HNF4A,NM_175914,ENST00000457232,ENSG00000101076,Pathogenic,Heterozygous,E,Frameshift,AD,SN deletion,438,0
1063,c.572del,p.L191fs,HNF4A,NM_175914,ENST00000457232,ENSG00000101076,Pathogenic,Heterozygous,E,Frameshift,AD,SN deletion,572,0
1074,c.743dup,p.H249fs,HOXA1,NM_005522,ENST00000343060,ENSG00000105991,Likely Pathogenic,Homozygous,E,Frameshift,AR,SN duplication,743,0
1076,c.2063_2082delinsGCGTG,p.A688_D694delinsGV,IFT122,NM_052985,ENST00000296266,ENSG00000134049,Likely Pathogenic,Heterozygous,E,In-Frame Deletion,AR,delins,2063,0,2082,0,GCGTG
1106,c.83_88del,p.Q28_H29del,INS,NM_000207,ENST00000250971,ENSG00000254647,Likely Pathogenic,Heterozygous,E,In-Frame Deletion,AD,>1bp deletion,83,0,88,0
1118,c.1466_1470del,p.V489fs,ITGA8,NM_003638,ENST00000378076,ENSG00000077943,Pathogenic,Homozygous,E,Frameshift,AD,>1bp deletion,1466,0,1470,0
1120,c.(?_1-258)-?_(*1652_?)+?del,p.0?,JAG1,NM_000214,ENST00000254958,ENSG00000101384,Pathogenic,Heterozygous,I,,AD,Unknown start/end position of variation
1121,c.?_-297-?_*1707_?+?del,0?,JAG1,NM_000214,ENST00000254958,ENSG00000101384,Pathogenic,Heterozygous,E,Whole Gene Deletion,AD,Unknown start/end position of variation
1122,c.1-?_3657+?del,,JAG1,NM_000214,ENST00000254958,ENSG00000101384,Pathogenic,Heterozygous,I,,AD,Unknown start/end position of variation
1124,c.1-?_755+?del,p.0?,JAG1,NM_000214,ENST00000254958,ENSG00000101384,Pathogenic,Heterozygous,I,,AD,Unknown start/end position of variation
1125,c.1116dup,,JAG1,NM_000214,ENST00000254958,ENSG00000101384,Pathogenic,Heterozygous,E,Frameshift,AD,SN duplication,1116,0,N/A,0
1127,c.1190del,p.K397fs,JAG1,NM_000214,ENST00000254958,ENSG00000101384,Pathogenic,Heterozygous,E,Frameshift,AD,SN deletion,1190,0
1128,c.1280_1281del,p.C427*,JAG1,NM_000214,ENST00000254958,ENSG00000101384,Pathogenic,Heterozygous,E,Nonsense,AD,>1bp deletion,1280,0,1281,0
1129,c.1304del,p.Y435fs,JAG1,NM_000214,ENST00000254958,ENSG00000101384,Pathogenic,Heterozygous,E,Frameshift,AD,SN deletion,1304,0
1130,c.1346dup,p.N450fs,JAG1,NM_000214,ENST00000254958,ENSG00000101384,Pathogenic,Heterozygous,E,Frameshift,AD,SN duplication,1346,0
1131,c.1450_1451del,p.C484,JAG1,NM_000214,ENST00000254958,ENSG00000101384,Pathogenic,Heterozygous,E,Frameshift,AD,>1bp deletion,1450,0,1451,0
1132,c.1456del,,JAG1,NM_000214,ENST00000254958,ENSG00000101384,Pathogenic,Heterozygous,E,,AD,SN deletion,1456,0
1133,c.1487_1488del,p.Cys496fs,JAG1,NM_000214,ENST00000254958,ENSG00000101384,Pathogenic,Heterozygous,E,Frameshift,AD,>1bp deletion,1487,0,1488,0
1137,c.1888_1889del,p.I630X,JAG1,NM_000214,ENST00000254958,ENSG00000101384,Pathogenic,Heterozygous,E,Nonsense,AD,>1bp deletion,1888,0,1889,0
1138,c.1919del,p.N640fs,JAG1,NM_000214,ENST00000254958,ENSG00000101384,Pathogenic,Heterozygous,E,Frameshift,AD,SN deletion,1919,0
1139,c.2017dup,p.Q673fs,JAG1,NM_000214,ENST00000254958,ENSG00000101384,Pathogenic,Heterozygous,E,Frameshift,AD,SN duplication,2017,0
1141,c.2122_2125del,p.Gln708fs,JAG1,NM_000214,ENST00000254958,ENSG00000101384,Pathogenic,Heterozygous,E,Frameshift,AD,>1bp deletion,2122,0,2125,0
1145,c.2269_2270del,p.,JAG1,NM_000214,ENST00000254958,ENSG00000101384,Pathogenic,Heterozygous,E,Frameshift,AD,>1bp deletion,2269,0,2270,0
1147,c.2372+3_2372+6del,,JAG1,NM_000214,ENST00000254958,ENSG00000101384,Pathogenic,Heterozygous,I,,AD,>1bp deletion,2372,3,2372,6
1148,c.2373-2_2373-7del,,JAG1,NM_000214,ENST00000254958,ENSG00000101384,Pathogenic,Heterozygous,I,Splice Site,AD,>1bp deletion,2373,-2,2373,-7
1151,c.2458+2_2458+5del,p.?,JAG1,NM_000214,ENST00000254958,ENSG00000101384,Pathogenic,Heterozygous,I,Splice Site,AD,>1bp deletion,2458,2,2458,5
1152,c.2557del,p.A853fs,JAG1,NM_000214,ENST00000254958,ENSG00000101384,Pathogenic,Heterozygous,E,Frameshift,AD,SN deletion,2557,0
1154,c.2652del,,JAG1,NM_000214,ENST00000254958,ENSG00000101384,Pathogenic,Heterozygous,E,,AD,SN deletion,2652,0
1158,c.2689_2693del,p.C897fs,JAG1,NM_000214,ENST00000254958,ENSG00000101384,Pathogenic,Heterozygous,E,Frameshift,AD,>1bp deletion,2689,0,2693,0
1160,c.2731dup,p.C911fs,JAG1,NM_000214,ENST00000254958,ENSG00000101384,Likely Pathogenic,Heterozygous,E,Frameshift,AD,SN duplication,2731,0
1161,c.2957dup,p.Leu986fs,JAG1,NM_000214,ENST00000254958,ENSG00000101384,Pathogenic,Heterozygous,E,Frameshift,AD,SN duplication,2957,0
1162,c.-297-?_387+?del,,JAG1,NM_000214,ENST00000254958,ENSG00000101384,Pathogenic,Heterozygous,I,,AD,Unknown start/end position of variation
1164,c.3000_3001dup,p.C1002fs,JAG1,NM_000214,ENST00000254958,ENSG00000101384,Pathogenic,Heterozygous,E,Frameshift,AD,>1bp duplication,3000,0,3001,0
1168,c.3069del,p.Asp1023fs,JAG1,NM_000214,ENST00000254958,ENSG00000101384,Pathogenic,Heterozygous,E,Frameshift,AD,SN deletion,3069,0
1169,c.3075del,,JAG1,NM_000214,ENST00000254958,ENSG00000101384,Pathogenic,Heterozygous,E,Frameshift,AD,SN deletion,3075,0
1170,c.3199+1dup,,JAG1,NM_000214,ENST00000254958,ENSG00000101384,Pathogenic,Heterozygous,I,Splice Site,AD,SN duplication,3199,1
1171,c.3241dup,p.W1081fs,JAG1,NM_000214,ENST00000254958,ENSG00000101384,Pathogenic,Heterozygous,E,Frameshift,AD,SN duplication,3241,0
1172,c.372_373del,p.Phe124fs,JAG1,NM_000214,ENST00000254958,ENSG00000101384,Pathogenic,Heterozygous,E,Frameshift,AD,>1bp deletion,372,0,373,0
1173,c.380_387+7del,p.Ala127fs,JAG1,NM_000214,ENST00000254958,ENSG00000101384,Pathogenic,Heterozygous,E,Frameshift,AD,>1bp deletion,380,0,387,7
1174,c.390dup,p.Ser131fs,JAG1,NM_000214,ENST00000254958,ENSG00000101384,Pathogenic,Heterozygous,E,Frameshift,AD,SN duplication,390,0
1176,c.438_439+2del,p.Gln147fs,JAG1,NM_000214,ENST00000254958,ENSG00000101384,Pathogenic,Heterozygous,E,Frameshift,AD,>1bp deletion,438,0,439,2
1182,c.53_73del,p.L18_L24,JAG1,NM_000214,ENST00000254958,ENSG00000101384,Likely Pathogenic,Heterozygous,E,In-Frame Deletion,AD,>1bp deletion,53,0,73,0
1183,c.537dup,,JAG1,NM_000214,ENST00000254958,ENSG00000101384,Pathogenic,Heterozygous,E,Nonsense,AD,SN duplication,537,0,N/A,0
1187,c.550del,p.R184fs,JAG1,NM_000214,ENST00000254958,ENSG00000101384,Likely Pathogenic,Heterozygous,E,Frameshift,AD,SN deletion,550,0
1189,c.553del,p.V185,JAG1,NM_000214,ENST00000254958,ENSG00000101384,Pathogenic,Heterozygous,E,Nonsense,AD,SN deletion,553,0
1193,c.62_73del,p.,JAG1,NM_000214,ENST00000254958,ENSG00000101384,Likely Pathogenic,Heterozygous,E,Other,AD,>1bp deletion,62,0,73,0
1197,c.694+1_695-1_755+1_756-1del,p.?,JAG1,NM_000214,ENST00000254958,ENSG00000101384,Pathogenic,Heterozygous,E,Partial Gene Deletion,AD,>1bp deletion,694,1,695,-1
1200,c.722dup,,JAG1,NM_000214,ENST00000254958,ENSG00000101384,Pathogenic,Heterozygous,E,Frameshift,AD,SN duplication,722,0,N/A,0
1203,c.879_880del,p.C293X,JAG1,NM_000214,ENST00000254958,ENSG00000101384,Pathogenic,Heterozygous,E,Frameshift,AD,>1bp deletion,879,0,880,0
1204,c.929del,p.G102fs,JAG1,NM_000214,ENST00000254958,ENSG00000101384,Pathogenic,Heterozygous,E,Frameshift,AD,SN deletion,929,0
1205,c.956_962del,p.K319fs,JAG1,NM_000214,ENST00000254958,ENSG00000101384,Pathogenic,Heterozygous,E,Frameshift,AD,>1bp deletion,956,0,962,0
1207,c.98dup,p.Q34fs,JAG1,NM_000214,ENST00000254958,ENSG00000101384,Pathogenic,Heterozygous,E,Frameshift,AD,SN duplication,98,0
1209,c.99del,p.Q34fs,JAG1,NM_000214,ENST00000254958,ENSG00000101384,Pathogenic,Heterozygous,E,Frameshift,AD,SN deletion,99,0
1210,c.1609_1641dup,,JAK2,NM_004972,ENST00000381652,ENSG00000096968,Likely Pathogenic,Heterozygous,E,Other,AD,>1bp duplication,1609,0,1641,0
1212,c.1611_1616del,p.Phe537_Lys539delinsLeu,JAK2,NM_004972,ENST00000381652,ENSG00000096968,Pathogenic,Heterozygous,E,Other,AD,>1bp deletion,1611,0,1616,0
1213,c.1614_1616delinsATT,,JAK2,NM_004972,ENST00000381652,ENSG00000096968,Pathogenic,Mosaic,E,Other,AD,delins,1614,0,1616,0,ATT
1214,c.1620_1627delinsGA,540_543,JAK2,NM_004972,ENST00000381652,ENSG00000096968,Likely Pathogenic,Mosaic,I,Other,AD,delins,1620,0,1627,0,GA
1216,c.1623_1629delinsG,p.N542_E543del,JAK2,NM_004972,ENST00000381652,ENSG00000096968,Pathogenic,Acquired,E,In-Frame Deletion,AD,delins,1623,0,1629,0,G
1217,c.1624_1629del,p.Asn542_Glu543del,JAK2,NM_004972,ENST00000381652,ENSG00000096968,Pathogenic,Heterozygous,E,In-Frame Deletion,AD,>1bp deletion,1624,0,1629,0
1218,c.1627_1632del,p.Glu543_Asp544del,JAK2,NM_004972,ENST00000381652,ENSG00000096968,Pathogenic,Mosaic,E,Other,AD,>1bp deletion,1627,0,1632,0
1230,c.166_167delinsGG,p.L56G,KCNJ11,NM_000525,ENST00000339994,ENSG00000187486,Likely Pathogenic,Homozygous,E,Missense,AD,delins,166,0,167,0,GG
1236,c.356dup,p.A120fs,KCNJ11,NM_000525,ENST00000339994,ENSG00000187486,Pathogenic,Homozygous,E,Frameshift,AD,SN duplication,356,0
1237,c.390_393dup,p.G132fs,KCNJ11,NM_000525,ENST00000339994,ENSG00000187486,Pathogenic,Homozygous,E,Frameshift,AD,>1bp duplication,390,0,393,0
1238,c.405dup,p.R136fs,KCNJ11,NM_000525,ENST00000339994,ENSG00000187486,Pathogenic,Heterozygous,I,Frameshift,AD,SN duplication,405,0
1275,c.1648-10_1670del,,KIT,NM_000222,ENST00000288135,ENSG00000157404,Likely Pathogenic,Mosaic,E,,AD,>1bp deletion,1648,-10,1670,0
1276,c.1667_1720del,p.Gln556_Thr574delinsPro,KIT,NM_000222,ENST00000288135,ENSG00000157404,Pathogenic,Heterozygous,E,Frameshift,AD,>1bp deletion,1667,0,1720,0
1282,c.9983dup,p.H3328fs,KMT2A,NM_001197104,ENST00000534358,ENSG00000118058,Likely Pathogenic,Heterozygous,E,Frameshift,"AD, AR",SN duplication,9983,0
1296,c.1526dup,p.T510fs,LMNA,NM_005572,ENST00000361308,ENSG00000121454,Pathogenic,Heterozygous,E,Frameshift,AD,SN duplication,1526,0
1297,c.1531_1534del,p.,LMNA,NM_005572,ENST00000361308,ENSG00000121454,Pathogenic,Heterozygous,E,Frameshift,AD,>1bp deletion,1531,0,1534,0
1302,c.514-?_1995+?dup,p.L172_*665dup,LMNA,NM_005572,ENST00000361308,ENSG00000121454,Likely Pathogenic,Heterozygous,E,Partial Gene Duplication,AD,Unknown start/end position of variation
1303,c.548_550delinsATCA,p.L183fs,LMNA,NM_005572,ENST00000361308,ENSG00000121454,Pathogenic,Heterozygous,E,Frameshift,AD,delins,548,0,550,0,ATCA
1304,c.648_649dup,,LMNA,NM_005572,ENST00000361308,ENSG00000121454,Pathogenic,Heterozygous,E,Frameshift,AD,>1bp duplication,648,0,649,0
1307,c.777del,,LMNA,NM_005572,ENST00000361308,ENSG00000121454,Pathogenic,Heterozygous,E,,AD,SN deletion,777,0
1308,c.782del,p.,LMNA,NM_005572,ENST00000361308,ENSG00000121454,Pathogenic,Heterozygous,E,Frameshift,AD,SN deletion,782,0,N/A,0
1310,c.(4730-1)_(5171+1)del,,LRBA,NM_006726,ENST00000357115,ENSG00000198589,Pathogenic,Homozygous,E,Partial Gene Deletion,AD,Unknown start/end position of variation
1311,c.3988dup,p.I1330fs,LRBA,NM_006726,ENST00000357115,ENSG00000198589,Pathogenic,Homozygous,E,Frameshift,AD,SN duplication,3988,0
1319,c.1075_1077del,p.E359de,MEN1,NM_130799,ENST00000312049,ENSG00000133895,Likely Pathogenic,Heterozygous,E,In-Frame Deletion,AD,>1bp deletion,1075,0,1077,0
1320,c.108_122dup,p.L37_L41dup,MEN1,NM_130799,ENST00000312049,ENSG00000133895,Pathogenic,Heterozygous,E,In-Frame Duplication,AD,>1bp duplication,108,0,122,0
1323,c.1096del,p.Glu366fs,MEN1,NM_130799,ENST00000312049,ENSG00000133895,Pathogenic,Heterozygous,E,Frameshift,AD,SN deletion,1096,0,N/A,0
1324,c.-110-?_+-24+?del,,MEN1,NM_130799,ENST00000312049,ENSG00000133895,Pathogenic,Heterozygous,E,Other,AD,Unknown start/end position of variation
1325,c.1119del,p.N374fs,MEN1,NM_130799,ENST00000312049,ENSG00000133895,Pathogenic,Heterozygous,E,Frameshift,AD,SN deletion,1119,0
1326,c.1204_1208del,p.S402fs,MEN1,NM_130799,ENST00000312049,ENSG00000133895,Pathogenic,Heterozygous,E,Frameshift,AD,>1bp deletion,1204,0,1208,0
1328,c.1217_1221del,p.D406?,MEN1,NM_130799,ENST00000312049,ENSG00000133895,Pathogenic,Heterozygous,E,Frameshift,AD,>1bp deletion,1217,0,1221,0
1329,c.1218_1222del,p.D406fs,MEN1,NM_130799,ENST00000312049,ENSG00000133895,Likely Pathogenic,Heterozygous,E,Frameshift,AD,>1bp deletion,1218,0,1222,0
1333,c.1252del,p.Asp418fs,MEN1,NM_130799,ENST00000312049,ENSG00000133895,Pathogenic,Heterozygous,E,,AD,SN deletion,1252,0
1336,c.1304del,p.G435,MEN1,NM_130799,ENST00000312049,ENSG00000133895,Pathogenic,Heterozygous,E,Frameshift,AD,SN deletion,1304,0
1339,c.1350+1_1350+11del,,MEN1,NM_130799,ENST00000312049,ENSG00000133895,Pathogenic,Heterozygous,I,,AD,>1bp deletion,1350,1,1350,11
1345,c.1382_1389dup,p.Ala464fs,MEN1,NM_130799,ENST00000312049,ENSG00000133895,Pathogenic,Heterozygous,E,Frameshift,AD,>1bp duplication,1382,0,1389,0
1346,c.1450_1462del,p.Arg484fs,MEN1,NM_130799,ENST00000312049,ENSG00000133895,Pathogenic,Heterozygous,E,Frameshift,AD,>1bp deletion,1450,0,1462,0
1347,c.1546dup,p.Arg516fs,MEN1,NM_130799,ENST00000312049,ENSG00000133895,Pathogenic,Heterozygous,E,Frameshift,AD,SN duplication,1546,0,N/A,0
1348,c.1546dup,,MEN1,NM_130799,ENST00000312049,ENSG00000133895,Pathogenic,Heterozygous,E,Frameshift,AD,SN duplication,1546,0
1353,c.1581_1621del,p.G528S,MEN1,NM_130799,ENST00000312049,ENSG00000133895,Pathogenic,Heterozygous,E,Frameshift,AD,>1bp deletion,1581,0,1621,0
1355,c.196_200dup,p.D70fs,MEN1,NM_130799,ENST00000312049,ENSG00000133895,Pathogenic,Heterozygous,E,Frameshift,AD,>1bp duplication,196,0,200,0
1357,c.207del,p.Asp70fs,MEN1,NM_130799,ENST00000312049,ENSG00000133895,Pathogenic,Heterozygous,E,Frameshift,AD,SN deletion,207,0,N/A,0
1359,c.249_252del,p.I85fs,MEN1,NM_130799,ENST00000312049,ENSG00000133895,Pathogenic,Heterozygous,I,Frameshift,AD,>1bp deletion,249,0,252,0
1360,c.266_286del,p.L89_A95del,MEN1,NM_130799,ENST00000312049,ENSG00000133895,Likely Pathogenic,Heterozygous,E,In-Frame Deletion,AD,>1bp deletion,266,0,286,0
1361,c.269_270del,p.Tyr90fs,MEN1,NM_130799,ENST00000312049,ENSG00000133895,Pathogenic,Heterozygous,E,Frameshift,AD,>1bp deletion,269,0,270,0
1363,c.286_300del,p.Gln96_Ala100del,MEN1,NM_130799,ENST00000312049,ENSG00000133895,Pathogenic,Mosaic,E,In-Frame Deletion,AD,>1bp deletion,286,0,300,0
1365,c.292del,p.R98,MEN1,NM_130799,ENST00000312049,ENSG00000133895,Pathogenic,Heterozygous,E,Frameshift,AD,SN deletion,292,0
1366,c.358_360del,p.,MEN1,NM_130799,ENST00000312049,ENSG00000133895,Likely Pathogenic,Heterozygous,E,,AD,>1bp deletion,358,0,360,0
1369,c.370del,p.V124fs,MEN1,NM_130799,ENST00000312049,ENSG00000133895,Pathogenic,Heterozygous,E,Frameshift,AD,SN deletion,370,0
1371,c.391del,p.R131fs,MEN1,NM_130799,ENST00000312049,ENSG00000133895,Pathogenic,Heterozygous,E,Frameshift,AD,SN deletion,391,0
1373,c.402del,p.Phe134fs,MEN1,NM_130799,ENST00000312049,ENSG00000133895,Pathogenic,Heterozygous,E,Frameshift,AD,SN deletion,402,0,N/A,0
1374,c.402del,p.F132fs,MEN1,NM_130799,ENST00000312049,ENSG00000133895,Pathogenic,Heterozygous,E,Frameshift,AD,SN deletion,402,0
1375,c.406del,p.,MEN1,NM_130799,ENST00000312049,ENSG00000133895,Pathogenic,Heterozygous,E,Frameshift,AD,SN deletion,406,0,N/A,0
1376,c.419dup,p.Gln141fs,MEN1,NM_130799,ENST00000312049,ENSG00000133895,Pathogenic,Heterozygous,E,Frameshift,AD,SN duplication,419,0
1382,c.511del,p.R171fs,MEN1,NM_130799,ENST00000312049,ENSG00000133895,Pathogenic,Heterozygous,E,Frameshift,AD,SN deletion,511,0
1386,c.628_631del,,MEN1,NM_130799,ENST00000312049,ENSG00000133895,Pathogenic,Heterozygous,E,Frameshift,AD,>1bp deletion,628,0,631,0
1395,c.712_713insGTGCCA,,MEN1,NM_130799,ENST00000312049,ENSG00000133895,Likely Pathogenic,Heterozygous,E,In-Frame Insertion,AD,insertion,712,0,713,0,GTGCCA
1396,c.741del,p.I247fs,MEN1,NM_130799,ENST00000312049,ENSG00000133895,Pathogenic,Heterozygous,E,Frameshift,AD,SN deletion,741,0
1404,c.83del,p.G28fs,MEN1,NM_130799,ENST00000312049,ENSG00000133895,Pathogenic,Heterozygous,E,Frameshift,AD,SN deletion,83,0
1408,c.979del,p.Tyr327fs,MEN1,NM_130799,ENST00000312049,ENSG00000133895,Pathogenic,Heterozygous,E,Frameshift,AD,SN deletion,979,0,N/A,0
1410,c.1408-34_1408-6del,p.?,MKS1,NM_000381,ENST00000317552,ENSG00000101871,Pathogenic,Heterozygous,I,Splice Site,AR,>1bp deletion,1408,-34,1408,-6
1411,c.204_216dup,p.L73fs,MNX1,NM_005515,ENST00000252971,ENSG00000130675,Pathogenic,Heterozygous,E,Frameshift,AD,>1bp duplication,204,0,216,0
1413,c.(?_-1)_(*151_?)del,,MODY,NM_005515,ENST00000252971,ENSG00000130675,Pathogenic,Heterozygous,E,,AD,Unknown start/end position of variation
1416,c.(?_-440)_(*332_?)del,,MODY,NM_005515,ENST00000252971,ENSG00000130675,Pathogenic,Heterozygous,I,,AD,Unknown start/end position of variation
1417,c.(?_-441)_(?_46-1)del,,MODY,NM_005515,ENST00000252971,ENSG00000130675,Pathogenic,Heterozygous,E,,AD,Unknown start/end position of variation
1418,c.(?_50-4517)_(*1057_?)del,p.0,MODY,NM_005515,ENST00000252971,ENSG00000130675,Pathogenic,Heterozygous,E,Whole Gene Deletion,AD,Unknown start/end position of variation
1419,c.(326+209_327-1)_(*1_?)del,,MODY,NM_005515,ENST00000252971,ENSG00000130675,Pathogenic,Heterozygous,E,,AD,Unknown start/end position of variation
1420,c.-1-?_*151+?del,p.0?,MODY,NM_005515,ENST00000252971,ENSG00000130675,Pathogenic,Heterozygous,E,Whole Gene Deletion,AD,Unknown start/end position of variation
1421,c.1-?_1674+?del,,MODY,NM_005515,ENST00000252971,ENSG00000130675,Pathogenic,Heterozygous,E,,AD,Unknown start/end position of variation
1423,c.1-?-1_1654+?+9del,,MODY,NM_005515,ENST00000252971,ENSG00000130675,Pathogenic,,I,,AD,Unknown start/end position of variation
1424,c.1-?-1_1654+?+9ins,,MODY,NM_005515,ENST00000252971,ENSG00000130675,Pathogenic,,I,,AD,Unknown start/end position of variation
1425,c.1-?-1_1674+?+9del,,MODY,NM_005515,ENST00000252971,ENSG00000130675,Pathogenic,,I,,AD,Unknown start/end position of variation
1426,c.1-?-1_45+?+1del,,MODY,NM_005515,ENST00000252971,ENSG00000130675,Pathogenic,Homozygous,E,,AD,Unknown start/end position of variation
1427,c.-1_+9del,,MODY,NM_005515,ENST00000252971,ENSG00000130675,Pathogenic,,I,,AD,Unknown start/end position of variation
1428,c.1046-?-5_1206+?+5del,,MODY,NM_005515,ENST00000252971,ENSG00000130675,Pathogenic,Heterozygous,I,,AD,Unknown start/end position of variation
1429,c.1207-?-6_1339+?+6del,,MODY,NM_005515,ENST00000252971,ENSG00000130675,Pathogenic,,I,,AD,Unknown start/end position of variation
1430,c.1254-?-10_1398+?+10del,,MODY,NM_005515,ENST00000252971,ENSG00000130675,Pathogenic,,I,,AD,Unknown start/end position of variation
1434,c.1-?_1395+?del,p.0?,MYCN,NM_005378,ENST00000281043,ENSG00000134323,Pathogenic,Heterozygous,E,Whole Gene Deletion,AD,Unknown start/end position of variation
1436,c.1124_1125del,p.S375X,MYCN,NM_005378,ENST00000281043,ENSG00000134323,Likely Pathogenic,Heterozygous,E,Nonsense,AD,>1bp deletion,1124,0,1125,0
1439,c.1276del,p.A426fs,MYCN,NM_005378,ENST00000281043,ENSG00000134323,Likely Pathogenic,Heterozygous,E,Frameshift,AD,SN deletion,1276,0
1441,c.1355_1356delinsCC,p.Q452P,MYCN,NM_005378,ENST00000281043,ENSG00000134323,Uncertain,Heterozygous,E,Missense,AD,delins,1355,0,1356,0,CC
1443,c.145dup,p.I49fs,MYCN,NM_005378,ENST00000281043,ENSG00000134323,Pathogenic,Heterozygous,E,Frameshift,AD,SN duplication,145,0
1444,c.302dup,p.L102fs,MYCN,NM_005378,ENST00000281043,ENSG00000134323,Pathogenic,Heterozygous,E,Frameshift,AD,SN duplication,302,0
1448,c.616dup,p.H206fs,NEUROD1,NM_002500,ENST00000295108,ENSG00000162992,Uncertain,Heterozygous,E,Frameshift,AD,SN duplication,616,0
1479,c.629del,p.Gly210fs,NOTCH3,NM_000435,ENST00000263388,ENSG00000074181,Pathogenic,Heterozygous,E,Frameshift,AD,SN deletion,629,0
1486,c.1071_1073del,p.K357del,PAK3,NM_002526,ENST00000257770,ENSG00000135318,Uncertain,Hemizygous,E,In-Frame Deletion,XD,>1bp deletion,1071,0,1073,0
1490,c.1698_1712del,p.Ser566_Glu571delinsArg,PDGFRA,NM_03719,ENST00000264917,ENSG00000113231,Pathogenic,Mosaic,E,In-Frame Deletion,AD,>1bp deletion,1698,0,1712,0
1495,c.183del,p.F61fs,PEX7,NM_000288,ENST00000318471,ENSG00000112357,Likely Pathogenic,Heterozygous,E,Frameshift,AR,SN deletion,183,0
1496,c.183del,p.Phe63fs,PEX7,NM_000288,ENST00000318471,ENSG00000112357,Pathogenic,Heterozygous,E,Frameshift,AR,SN deletion,183,0
1497,c.370_396del,p.G124_S132del,PEX7,NM_000288,ENST00000318471,ENSG00000112357,Pathogenic,Homozygous,E,,AR,>1bp deletion,370,0,396,0
1502,c.(1302+1_1303-1)-?_(1404+1_1405-1)+?dup,p.?,PHEX,NM_000444,ENST00000379374,ENSG00000102174,Pathogenic,Hemizygous,E,Partial Gene Duplication,XD,Unknown start/end position of variation
1503,c.(1302+1_1303-1)_(1645+121_1646-1)del,p.?,PHEX,NM_000444,ENST00000379374,ENSG00000102174,Pathogenic,Heterozygous,I,Partial Gene Deletion,XD,Unknown start/end position of variation
1504,c.(1404+131_1405-1)_(2070+1_2071-1)dup,p.?,PHEX,NM_000444,ENST00000379374,ENSG00000102174,Pathogenic,Hemizygous,E,Partial Gene Duplication,XD,Unknown start/end position of variation
1505,c.(187+1_188-1)-?_(349+1_350-1)+?dup,p.?,PHEX,NM_000444,ENST00000379374,ENSG00000102174,Pathogenic,Heterozygous,E,Partial Gene Duplication,XD,Unknown start/end position of variation
1506,c.(187+1_188-1)_(349+1_350-1)del,p.?,PHEX,NM_000444,ENST00000379374,ENSG00000102174,Pathogenic,Heterozygous,E,Partial Gene Deletion,XD,Unknown start/end position of variation
1507,c.(2147+1_2148-1)_(*+1_?)del,p.?,PHEX,NM_000444,ENST00000379374,ENSG00000102174,Pathogenic,Hemizygous,E,Partial Gene Deletion,XD,Unknown start/end position of variation
1508,c.1-?_349+?del,,PHEX,NM_000444,ENST00000379374,ENSG00000102174,Pathogenic,Heterozygous,E,Partial Gene Deletion,XD,Unknown start/end position of variation
1509,c.1011_1012dup,p.N338fs,PHEX,NM_000444,ENST00000379374,ENSG00000102174,Likely Pathogenic,Heterozygous,E,Frameshift,XD,>1bp duplication,1011,0,1012,0
1510,c.1080-?_1302+?del,,PHEX,NM_000444,ENST00000379374,ENSG00000102174,Pathogenic,Heterozygous,I,Other,XD,Unknown start/end position of variation
1513,c.118+2_118+16del,p.,PHEX,NM_000444,ENST00000379374,ENSG00000102174,Pathogenic,Heterozygous,I,,XD,>1bp deletion,118,2,118,16
1514,c.1185dup,,PHEX,NM_000444,ENST00000379374,ENSG00000102174,Pathogenic,Heterozygous,E,Frameshift,XD,SN duplication,1185,0,N/A,0
1515,c.1185del,p.T396FS,PHEX,NM_000444,ENST00000379374,ENSG00000102174,Pathogenic,Mosaic,I,Frameshift,XD,SN deletion,1185,0
1517,c.1265_1268del,p.F422X,PHEX,NM_000444,ENST00000379374,ENSG00000102174,Pathogenic,Hemizygous,E,Frameshift,XD,>1bp deletion,1265,0,1268,0
1518,c.1292del,p.K431fs,PHEX,NM_000444,ENST00000379374,ENSG00000102174,Pathogenic,Hemizygous,E,Frameshift,XD,SN deletion,1292,0
1519,c.1302dup,,PHEX,NM_000444,ENST00000379374,ENSG00000102174,Pathogenic,Hemizygous,E,Partial Gene Duplication,XD,SN duplication,1302,0
1520,c.1303-?_1404+?ins,,PHEX,NM_000444,ENST00000379374,ENSG00000102174,Pathogenic,Heterozygous,E,,XD,Unknown start/end position of variation
1521,c.1303-?_2250+?del,p.?,PHEX,NM_000444,ENST00000379374,ENSG00000102174,Pathogenic,Heterozygous,E,Partial Gene Deletion,XD,Unknown start/end position of variation
1524,c.1357_1360del,,PHEX,NM_000444,ENST00000379374,ENSG00000102174,Pathogenic,Homozygous,E,Frameshift,XD,>1bp deletion,1357,0,1360,0
1527,c.1372_1375dup,,PHEX,NM_000444,ENST00000379374,ENSG00000102174,Pathogenic,Heterozygous,E,Frameshift,XD,>1bp duplication,1372,0,1375,0
1528,c.1405-?_1645+?dup,,PHEX,NM_000444,ENST00000379374,ENSG00000102174,Pathogenic,Heterozygous,E,Partial Gene Duplication,XD,Unknown start/end position of variation
1529,c.1405-?_2250+?del,,PHEX,NM_000444,ENST00000379374,ENSG00000102174,Pathogenic,Hemizygous,I,,XD,Unknown start/end position of variation
1531,c.1443del,p.F481fs,PHEX,NM_000444,ENST00000379374,ENSG00000102174,Pathogenic,Heterozygous,E,Frameshift,XD,SN deletion,1443,0
1532,c.1474del,p.Leu492fs,PHEX,NM_000444,ENST00000379374,ENSG00000102174,Pathogenic,Heterozygous,E,,XD,SN deletion,1474,0,N/A,0
1533,c.1482+1_1482+4delinsTTTAT,,PHEX,NM_000444,ENST00000379374,ENSG00000102174,Pathogenic,Heterozygous,I,Splice Site,XD,delins,1482,1,1482,4,TTTAT
1535,c.1583_1584del,p.Thr528fs,PHEX,NM_000444,ENST00000379374,ENSG00000102174,Pathogenic,Hemizygous,E,Frameshift,XD,>1bp deletion,1583,0,1584,0
1538,c.1592dup,p.T532fs,PHEX,NM_000444,ENST00000379374,ENSG00000102174,Pathogenic,Heterozygous,E,Frameshift,XD,SN duplication,1592,0
1540,c.1645-?-?_1700+?+?del,p.?,PHEX,NM_000444,ENST00000379374,ENSG00000102174,Pathogenic,Heterozygous,E,Partial Gene Deletion,XD,Unknown start/end position of variation
1545,c.-1646-?_+1700+?del,,PHEX,NM_000444,ENST00000379374,ENSG00000102174,Pathogenic,Hemizygous,E,,XD,Unknown start/end position of variation
1546,c.1646-?_1700+?del,p.?,PHEX,NM_000444,ENST00000379374,ENSG00000102174,Pathogenic,Hemizygous,E,Partial Gene Deletion,XD,Unknown start/end position of variation
1547,c.1670del,p.K557fs,PHEX,NM_000444,ENST00000379374,ENSG00000102174,Pathogenic,Heterozygous,E,Frameshift,XD,SN deletion,1670,0
1551,c.1759del,p.D587fs,PHEX,NM_000444,ENST00000379374,ENSG00000102174,Pathogenic,Heterozygous,E,,XD,SN deletion,1759,0
1555,c.1800dup,p.Pro601fs,PHEX,NM_000444,ENST00000379374,ENSG00000102174,Pathogenic,Heterozygous,E,Frameshift,XD,SN duplication,1800,0
1558,c.1844_1848dup,p.C617fs,PHEX,NM_000444,ENST00000379374,ENSG00000102174,Pathogenic,Heterozygous,E,Frameshift,XD,>1bp duplication,1844,0,1848,0
1559,c.1854_1857dup,p.N620fs,PHEX,NM_000444,ENST00000379374,ENSG00000102174,Pathogenic,Hemizygous,E,Frameshift,XD,>1bp duplication,1854,0,1857,0
1562,c.188-?_349+?dup,,PHEX,NM_000444,ENST00000379374,ENSG00000102174,Pathogenic,Heterozygous,E,,XD,Unknown start/end position of variation
1571,c.1966_1969dup,p.Y657fs,PHEX,NM_000444,ENST00000379374,ENSG00000102174,Pathogenic,Hemizygous,E,Frameshift,XD,>1bp duplication,1966,0,1969,0
1576,c.2019_2020dup,p.P674fs,PHEX,NM_000444,ENST00000379374,ENSG00000102174,Pathogenic,Hemizygous,E,Frameshift,XD,>1bp duplication,2019,0,2020,0
1577,c.2039_2042dup,,PHEX,NM_000444,ENST00000379374,ENSG00000102174,Pathogenic,Heterozygous,E,Frameshift,XD,>1bp duplication,2039,0,2042,0
1578,c.2070_2071-?_2250_?+?del,?,PHEX,NM_000444,ENST00000379374,ENSG00000102174,Pathogenic,Heterozygous,E,Partial Gene Deletion,XD,Unknown start/end position of variation
1579,c.2071-?_2250+?del,,PHEX,NM_000444,ENST00000379374,ENSG00000102174,Pathogenic,Heterozygous,I,Other,XD,Unknown start/end position of variation
1581,c.2147_2147+1del,,PHEX,NM_000444,ENST00000379374,ENSG00000102174,Pathogenic,Heterozygous,E,Splice Site,XD,>1bp deletion,2147,0,2147,1
1583,c.2147+2_2147+9del,p.,PHEX,NM_000444,ENST00000379374,ENSG00000102174,Pathogenic,Hemizygous,I,Splicing,XD,>1bp deletion,2147,2,2147,9
1588,c.251del,p.,PHEX,NM_000444,ENST00000379374,ENSG00000102174,Pathogenic,Heterozygous,E,Frameshift,XD,SN deletion,251,0,N/A,0
1590,c.259_266del,p.G87fs,PHEX,NM_000444,ENST00000379374,ENSG00000102174,Pathogenic,Heterozygous,E,Frameshift,XD,>1bp deletion,259,0,266,0
1592,c.407_408insT,p.K136fs,PHEX,NM_000444,ENST00000379374,ENSG00000102174,Pathogenic,Heterozygous,E,Frameshift,XD,insertion,407,0,408,0,T
1600,c.630del,p.,PHEX,NM_000444,ENST00000379374,ENSG00000102174,Pathogenic,Hemizygous,E,Frameshift,XD,SN deletion,630,0,N/A,0
1601,c.663+1_663+45del,,PHEX,NM_000444,ENST00000379374,ENSG00000102174,Pathogenic,Heterozygous,I,Splice Site,XD,>1bp deletion,663,1,663,45
1602,c.664-?_1079+?dup,,PHEX,NM_000444,ENST00000379374,ENSG00000102174,Likely Pathogenic,Heterozygous,E,Other,XD,Unknown start/end position of variation
1604,c.691del,p.Val231X,PHEX,NM_000444,ENST00000379374,ENSG00000102174,Pathogenic,Heterozygous,E,Frameshift,XD,SN deletion,691,0,N/A,0
1607,c.934-?_1079+?dup,p.?,PHEX,NM_000444,ENST00000379374,ENSG00000102174,Pathogenic,Heterozygous,E,Partial Gene Duplication,XD,Unknown start/end position of variation
1608,c.986dup,p.H329fs,PHEX,NM_000444,ENST00000379374,ENSG00000102174,Pathogenic,Hemizygous,E,Frameshift,XD,SN duplication,986,0
1609,c.undefined-?_undefined+?ins,p.?,PHEX,NM_000444,ENST00000379374,ENSG00000102174,Likely Pathogenic,Hemizygous,E,,XD,Unknown start/end position of variation
1610,,p.?,PHEX,NM_000444,ENST00000379374,ENSG00000102174,Pathogenic,Hemizygous,E,Partial Gene Duplication,XD,No variation to assess
1617,c.1812_1814del,p.Ser605del,POLD1,NM_002691,ENST00000440232,ENSG00000062822,Pathogenic,Heterozygous,E,Other,AD,>1bp deletion,1812,0,1814,0
1621,c.1245del,p.F415fs,PPARG,NM_015869,ENST00000287820,ENSG00000132170,Pathogenic,Heterozygous,E,Frameshift,AD,SN deletion,1245,0
1627,c.142del,p.Ala48fs,PRKAR1A,NM_002734,ENST00000589228,ENSG00000108946,Pathogenic,Heterozygous,E,Frameshift,AD,SN deletion,142,0,N/A,0
1628,c.18del,p.Ala7fs,PRKAR1A,NM_002734,ENST00000589228,ENSG00000108946,Pathogenic,Heterozygous,E,Frameshift,AD,SN deletion,18,0,N/A,0
1630,c.463del,p.S155fs,PRKAR1A,NM_002734,ENST00000589228,ENSG00000108946,Pathogenic,Heterozygous,E,Frameshift,AD,SN deletion,463,0
1631,c.491_492del,p.V164fs,PRKAR1A,NM_002734,ENST00000589228,ENSG00000108946,Pathogenic,Heterozygous,E,Frameshift,AD,>1bp deletion,491,0,492,0
1632,c.503-109_549+76del,p.?,PRKAR1A,NM_002734,ENST00000589228,ENSG00000108946,Pathogenic,Heterozygous,E,Other,AD,Out of exome range
1633,c.54_55del,p.Cys18X,PRKAR1A,NM_002734,ENST00000589228,ENSG00000108946,Pathogenic,Heterozygous,E,Nonsense,AD,>1bp deletion,54,0,55,0
1636,c.590dup,G198fs,PRKAR1A,NM_002734,ENST00000589228,ENSG00000108946,Pathogenic,Heterozygous,E,Frameshift,AD,SN duplication,590,0
1638,c.887dup,,PRKAR1A,NM_002734,ENST00000589228,ENSG00000108946,Likely Pathogenic,Heterozygous,E,,AD,SN duplication,887,0,N/A,0
1651,c.399dup,p.P134fs,PTF1A,NM_178161,ENST00000376504,ENSG00000168267,Pathogenic,Homozygous,E,Frameshift,AR,SN duplication,399,0
1652,c.437_462del,p.A146fs,PTF1A,NM_178161,ENST00000376504,ENSG00000168267,Pathogenic,Heterozygous,E,Frameshift,AR,>1bp deletion,437,0,462,0
1654,c.(?_-44)_(*886_?)del,p.0?,RET,NM_020975,ENST00000355710,ENSG00000165731,Pathogenic,Heterozygous,E,Whole Gene Deletion,AD,Unknown start/end position of variation
1655,c.1-?_2392+?del,p.?,RET,NM_020975,ENST00000355710,ENSG00000165731,Pathogenic,Heterozygous,E,Partial Gene Deletion,AD,Unknown start/end position of variation
1656,c.1-?_3345+?del,p.0?,RET,NM_020975,ENST00000355710,ENSG00000165731,Pathogenic,Heterozygous,E,Other,AD,Unknown start/end position of variation
1674,c.2647_2648delinsTT,p.Ala883Phe,RET,NM_020975,ENST00000355710,ENSG00000165731,Pathogenic,Heterozygous,E,Missense,AD,delins,2647,0,2648,0,TT
1685,c.781-2_787delinsG,,RFX6,NM_173560,ENST00000332958,ENSG00000185002,Pathogenic,Heterozygous,E,,AR,delins,781,-2,787,0,G
1690,c.2576del,p.P859fs,ROBO3,NM_022370,ENST00000397801,ENSG00000154134,Pathogenic,Homozygous,E,Frameshift,AR,SN deletion,2576,0
1691,c.2779+1del,,ROBO3,NM_022370,ENST00000397801,ENSG00000154134,Pathogenic,Heterozygous,I,,AR,SN deletion,2779,1
1694,c.404_405del,p.R135fs,ROBO3,NM_022370,ENST00000397801,ENSG00000154134,Pathogenic,Heterozygous,E,Frameshift,AR,>1bp deletion,404,0,405,0
1696,c.571dup,p.R191fs,ROBO3,NM_022370,ENST00000397801,ENSG00000154134,Pathogenic,Homozygous,E,Frameshift,AR,SN duplication,571,0
1705,c.1994_1995del,p.Phe665fs,SALL4,NM_020436,ENST00000217086,ENSG00000101115,Pathogenic,Heterozygous,E,Frameshift,AD,>1bp deletion,1994,0,1995,0
1707,c.2332_2347del,p.D778fs,SALL4,NM_020436,ENST00000217086,ENSG00000101115,Pathogenic,Heterozygous,E,Frameshift,AD,>1bp deletion,2332,0,2347,0
1711,c.(?_-197)_(-52_73-1)del,p.0?,SDHB,NM_003000,ENST00000375499,ENSG00000117118,Pathogenic,Heterozygous,E,Partial Gene Deletion,AD,Unknown start/end position of variation
1714,c.311_311delinsGG,p.N104fs,SDHB,NM_003000,ENST00000375499,ENSG00000117118,Pathogenic,Heterozygous,E,Frameshift,AD,delins,311,0,311,0,GG
1729,c.1147_1148del,p.,SLC19A2,NM_006996,ENST00000236137,ENSG00000117479,Pathogenic,Homozygous,E,,AR,>1bp deletion,1147,0,1148,0
1736,c.242dup,p.Y81X,SLC19A2,NM_006996,ENST00000236137,ENSG00000117479,Pathogenic,Homozygous,E,Nonsense,AR,SN duplication,242,0
1737,c.262del,p.V88fs,SLC19A2,NM_006996,ENST00000236137,ENSG00000117479,Pathogenic,Homozygous,E,Frameshift,AR,SN deletion,262,0
1738,c.391dup,p.Y131fs,SLC19A2,NM_006996,ENST00000236137,ENSG00000117479,Pathogenic,Homozygous,E,Frameshift,AR,SN duplication,391,0
1739,c.454_458delinsTA,,SLC19A2,NM_006996,ENST00000236137,ENSG00000117479,Pathogenic,Homozygous,E,Frameshift,AR,delins,454,0,458,0,TA
1752,c.1579_1581del,p.L527del,SLC34A3,NM_080877,ENST00000361134,ENSG00000198569,Uncertain,Heterozygous,E,In-Frame Deletion,AR,>1bp deletion,1579,0,1581,0
1758,c.925+20_926-48del,,SLC34A3,NM_080877,ENST00000361134,ENSG00000198569,Pathogenic,Homozygous,I,,AR,>1bp deletion,925,20,926,-48
1761,c.1347del,p.S449fs,SLC5A1,NM_000343,ENST00000266088,ENSG00000100170,Pathogenic,Heterozygous,E,Frameshift,AR,SN deletion,1347,0
1764,c.1437_1438del,,SLC5A1,NM_000343,ENST00000266088,ENSG00000100170,Pathogenic,Homozygous,E,,AR,>1bp deletion,1437,0,1438,0
1768,c.312+3_312+6del,p.?,SLC5A1,NM_000343,ENST00000266088,ENSG00000100170,Likely Pathogenic,Homozygous,I,Splice Site,AR,>1bp deletion,312,3,312,6
1769,c.372+2_372+8delinsCTTATATTAAGGCTG,,SLC5A1,NM_000343,ENST00000266088,ENSG00000100170,Pathogenic,Heterozygous,I,Splice Site,AR,delins,372,2,372,8,CTTATATTAAGGCTG
1770,c.401dup,p.R135fs,SLC5A1,NM_000343,ENST00000266088,ENSG00000100170,Pathogenic,Homozygous,E,Frameshift,AR,SN duplication,401,0
1775,c.3248dup,p.R1094fs,SOS1,NM_05633,ENST00000402219,ENSG00000115904,Pathogenic,Heterozygous,I,Frameshift,AR,SN duplication,3248,0
1776,c.3254dup,p.P1086fs,SOS1,NM_05633,ENST00000402219,ENSG00000115904,Likely Pathogenic,Heterozygous,E,Frameshift,AR,SN duplication,3254,0
1777,c.3255_3265del,p.P1086fs,SOS1,NM_05633,ENST00000402219,ENSG00000115904,Pathogenic,Heterozygous,E,Frameshift,AR,>1bp deletion,3255,0,3265,0
1778,c.3266dup,p.P1090fs,SOS1,NM_05633,ENST00000402219,ENSG00000115904,Pathogenic,Heterozygous,I,Frameshift,AR,SN duplication,3266,0
1787,c.407_428delinsTGGACCCC,p.R136fs,TBX6,NM_004608,ENST00000395224,ENSG00000149922,Pathogenic,Heterozygous,E,Frameshift,AD,delins,407,0,428,0,TGGACCCC
1793,c.131del,p.V44fs,TCOF1,NM_004608,ENST00000395224,ENSG00000149922,Pathogenic,Heterozygous,E,Frameshift,AD,SN deletion,131,0
1798,c.-?_+?del,,TP53,NM_017849,ENST00000258439,ENSG00000135956,Pathogenic,,E,,AD,Unknown start/end position of variation
1799,c.415_417del,p.E139del,TPM2,NM_017849,ENST00000258439,ENSG00000135956,Pathogenic,Heterozygous,E,In-Frame Deletion,AD,>1bp deletion,415,0,417,0
1810,c.58-26dup,,TUBB3,NM_006086,ENST00000315491,ENSG00000258947,Pathogenic,Heterozygous,I,,AD,SN duplication,58,-26
1817,c.585del,p.Q195fs,VHL,NM_000551,ENST00000256474,ENSG00000134086,Likely Pathogenic,Heterozygous,E,Frameshift,AD,SN deletion,585,0
1818,c.1107_1108insA,p.A370fs,WFS1,NM_006005,ENST00000226760,ENSG00000109501,Pathogenic,Homozygous,E,Frameshift,AD,insertion,1107,0,1108,0,A
1819,c.1230_1233del,p.V412fs,WFS1,NM_006005,ENST00000226760,ENSG00000109501,Pathogenic,Homozygous,E,Frameshift,AD,>1bp deletion,1230,0,1233,0
1823,c.1698_1703del,p.L567_568del,WFS1,NM_006005,ENST00000226760,ENSG00000109501,Pathogenic,Heterozygous,E,Frameshift,AD,>1bp deletion,1698,0,1703,0
1826,c.2010dup,p.A671fs,WFS1,NM_006005,ENST00000226760,ENSG00000109501,Pathogenic,Homozygous,E,Frameshift,AD,SN duplication,2010,0
1829,c.877del,p.L293fs,WFS1,NM_006005,ENST00000226760,ENSG00000109501,Pathogenic,Heterozygous,E,Frameshift,AD,SN deletion,877,0
1834,c.1383del,p.Y462fs,ZFP57,NM_001109809,ENST00000488757,ENSG00000204644,Pathogenic,Homozygous,E,Frameshift,?,SN deletion,1383,0
1835,c.1078del,p.E360fs,ZIC2,NM_007129,ENST00000376335,ENSG00000043355,Pathogenic,Heterozygous,E,Frameshift,AD,SN deletion,1078,0
1836,c.957del,p.K89,ZIC2,NM_007129,ENST00000376335,ENSG00000043355,Pathogenic,Heterozygous,E,Frameshift,AD,SN deletion,957,0
