VARIANT_ID,CDNACHANGE,AACHANGE,GENE,REFSEQ,ENSEMBL_TRANSCRIPT,ENSEMBL_GENE_ID,VARIANTSTATUS,ZYGOSITY,EXONINTRON,PROTEINEFFECT,MOI
1,c.0+23508336G>T,p.0?,PTF1A,NM_178161,ENST00000376504,ENSG00000168267,Pathogenic,Homozygous,I,,AR
2,c.(2995+1_2996-1)_(4041+1_4209-1)del,p.?,ABCC6,NM_001171,ENST00000205557,ENSG00000091262,Pathogenic,Heterozygous,E,Partial Gene Deletion,AR
4,c.0+23508363A>G,p.?,PTF1A,NM_178161,ENST00000376504,ENSG00000168267,Pathogenic,Homozygous,I,,AR
5,c.0+23508365A>G,,PTF1A,NM_178161,ENST00000376504,ENSG00000168267,Pathogenic,Homozygous,I,,AR
6,c.0+23508437A>G,p.?,PTF1A,NM_178161,ENST00000376504,ENSG00000168267,Pathogenic,Homozygous,I,,AR
7,c.0+23508442A>G,,PTF1A,NM_178161,ENST00000376504,ENSG00000168267,Uncertain,Heterozygous,I,,AR
12,c.3141_3143del,p.F1048,ABCC6,NM_001171,ENST00000205557,ENSG00000091262,Pathogenic,Heterozygous,E,In-Frame Deletion,AR
18,c.4182del,p.K1394,ABCC6,NM_001171,ENST00000205557,ENSG00000091262,Pathogenic,Heterozygous,E,Frameshift,AR
20,c.(148+11_149-1)_(290+9_291-1)del,p.?,ABCC8,NM_001287174,ENST00000302539,ENSG00000006071,Pathogenic,Homozygous,E,Partial Gene Deletion,AD
21,c.(4414+1_4415-1)_(*4749+34_?)del,p.?,ABCC8,NM_001287174,ENST00000302539,ENSG00000006071,Pathogenic,Heterozygous,E,,AD
22,c.?-1-?_2697+1_2698-1+?del,p.?,ABCC8,NM_001287174,ENST00000302539,ENSG00000006071,Pathogenic,Homozygous,E,Partial Gene Deletion,AD
23,c.1-?_1011+?del,p.0?,ABCC8,NM_001287174,ENST00000302539,ENSG00000006071,Pathogenic,Heterozygous,E,Other,AD
24,c.1-?_2679+?del,,ABCC8,NM_001287174,ENST00000302539,ENSG00000006071,Pathogenic,Heterozygous,E,,AD
25,c.1-?_2697+?del,,ABCC8,NM_001287174,ENST00000302539,ENSG00000006071,Pathogenic,Heterozygous,I,,AD
26,c.1-?_4749+?del,,ABCC8,NM_001287174,ENST00000302539,ENSG00000006071,Pathogenic,Heterozygous,E,,AD
27,c.-1_+22del,,ABCC8,NM_001287174,ENST00000302539,ENSG00000006071,Pathogenic,Homozygous,E,,AD
33,c.1150_1159del,p.,ABCC8,NM_001287174,ENST00000302539,ENSG00000006071,Pathogenic,Heterozygous,E,,AD
40,c.1254_1284dup,,ABCC8,NM_001287174,ENST00000302539,ENSG00000006071,Pathogenic,Heterozygous,E,Frameshift,AD
50,c.1335_1364del,p.I446_I455del,ABCC8,NM_001287174,ENST00000302539,ENSG00000006071,Uncertain,Homozygous,E,In-Frame Deletion,AD
62,c.155del,,ABCC8,NM_001287174,ENST00000302539,ENSG00000006071,Pathogenic,Heterozygous,E,Missense,AD
67,c.1683_1687del,p.H562fs,ABCC8,NM_001287174,ENST00000302539,ENSG00000006071,Pathogenic,Heterozygous,E,Frameshift,AD
70,c.1732_1746dup,p.A578_L582dup,ABCC8,NM_001287174,ENST00000302539,ENSG00000006071,Pathogenic,Heterozygous,E,In-Frame Duplication,AD
76,c.1818-?_1923+?,,ABCC8,NM_001287174,ENST00000302539,ENSG00000006071,Pathogenic,Heterozygous,E,,AD
77,c.1818-207_1925del,p.?,ABCC8,NM_001287174,ENST00000302539,ENSG00000006071,Pathogenic,Homozygous,E,Partial Gene Deletion,AD
80,c.1879del,p.H627fs,ABCC8,NM_001287174,ENST00000302539,ENSG00000006071,Pathogenic,Heterozygous,E,Frameshift,AD
105,c.2301_2302del,p.,ABCC8,NM_001287174,ENST00000302539,ENSG00000006071,Pathogenic,Heterozygous,E,Frameshift,AD
117,c.2524del,p.R842fs,ABCC8,NM_001287174,ENST00000302539,ENSG00000006071,Pathogenic,Heterozygous,E,Frameshift,AD
119,c.2559_2560-?_3332_3333+?del,?,ABCC8,NM_001287174,ENST00000302539,ENSG00000006071,Pathogenic,Heterozygous,E,,AD
123,c.2675_2679del,p.Q892,ABCC8,NM_001287174,ENST00000302539,ENSG00000006071,Pathogenic,Homozygous,E,Frameshift,AD
132,c.2815_2816del,p.Leu939fs,ABCC8,NM_001287174,ENST00000302539,ENSG00000006071,Pathogenic,Heterozygous,E,Frameshift,AD
134,c.2838_2841del,p.R947fs,ABCC8,NM_001287174,ENST00000302539,ENSG00000006071,Pathogenic,Heterozygous,E,Frameshift,AD
135,c.291-?_822+?del,p.?,ABCC8,NM_001287174,ENST00000302539,ENSG00000006071,Pathogenic,Homozygous,E,Partial Gene Deletion,AD
138,c.2917_2917del,p.,ABCC8,NM_001287174,ENST00000302539,ENSG00000006071,Pathogenic,Heterozygous,E,Frameshift,AD
139,c.2924-17_2924-4del,,ABCC8,NM_001287174,ENST00000302539,ENSG00000006071,Pathogenic,Homozygous,I,Splice Site,AD
147,c.3084del,p.A1029fs,ABCC8,NM_001287174,ENST00000302539,ENSG00000006071,Pathogenic,Heterozygous,E,Frameshift,AD
149,c.3127_3129delinsCAGCCAGGAACTG,,ABCC8,NM_001287174,ENST00000302539,ENSG00000006071,Pathogenic,,E,Frameshift,AD
151,c.3133_3152del,p.Thr1045fs,ABCC8,NM_001287174,ENST00000302539,ENSG00000006071,Pathogenic,Heterozygous,E,Frameshift,AD
161,c.3339dup,p.E1114*,ABCC8,NM_001287174,ENST00000302539,ENSG00000006071,Pathogenic,Homozygous,E,Nonsense,AD
164,c.3402-?_3654+?del,p.?,ABCC8,NM_001287174,ENST00000302539,ENSG00000006071,Pathogenic,Heterozygous,E,Partial Gene Deletion,AD
168,c.3410_3410dup,,ABCC8,NM_001287174,ENST00000302539,ENSG00000006071,Pathogenic,Homozygous,E,Frameshift,AD
171,c.3512_3512del,p.Leu1171fs,ABCC8,NM_001287174,ENST00000302539,ENSG00000006071,Pathogenic,Heterozygous,E,Frameshift,AD
173,c.3512del,,ABCC8,NM_001287174,ENST00000302539,ENSG00000006071,Pathogenic,Heterozygous,E,Frameshift,AD
175,c.3512het_delT,,ABCC8,NM_001287174,ENST00000302539,ENSG00000006071,Pathogenic,Heterozygous,E,,AD
185,c.3577_3577del,p.D1193,ABCC8,NM_001287174,ENST00000302539,ENSG00000006071,Pathogenic,Heterozygous,E,Frameshift,AD
191,c.3626_3628del,p.E1209del,ABCC8,NM_001287174,ENST00000302539,ENSG00000006071,Pathogenic,Heterozygous,E,In-Frame Deletion,AD
199,c.3757-17_3823del,p.?,ABCC8,NM_001287174,ENST00000302539,ENSG00000006071,Pathogenic,Homozygous,I,Splicing,AD
211,c.3978del,p.Y1326X,ABCC8,NM_001287174,ENST00000302539,ENSG00000006071,Pathogenic,Heterozygous,E,Nonsense,AD
219,c.4045_4061delinsT,p.N1349fs,ABCC8,NM_001287174,ENST00000302539,ENSG00000006071,Pathogenic,Heterozygous,E,Frameshift,AD
230,c.4141_4143delinsCA,p.T1381fs,ABCC8,NM_001287174,ENST00000302539,ENSG00000006071,Pathogenic,Heterozygous,E,Frameshift,AD
234,c.4163_4165del,p.Phe1388del,ABCC8,NM_001287174,ENST00000302539,ENSG00000006071,Pathogenic,Heterozygous,E,Other,AD
242,c.4203del,p.H1402fs,ABCC8,NM_001287174,ENST00000302539,ENSG00000006071,Pathogenic,Homozygous,E,Frameshift,AD
243,c.4213_4215del,p.Ile1405del,ABCC8,NM_001287174,ENST00000302539,ENSG00000006071,Pathogenic,Heterozygous,E,Other,AD
254,c.4325del,p.P1442fs,ABCC8,NM_001287174,ENST00000302539,ENSG00000006071,Pathogenic,Homozygous,E,Frameshift,AD
270,c.453_453del,p.Ile152fs,ABCC8,NM_001287174,ENST00000302539,ENSG00000006071,Pathogenic,Homozygous,E,Frameshift,AD
290,c.522dup,p.L175fs,ABCC8,NM_001287174,ENST00000302539,ENSG00000006071,Pathogenic,Homozygous,E,Frameshift,AD
296,c.597_598dup,,ABCC8,NM_001287174,ENST00000302539,ENSG00000006071,Likely Pathogenic,Homozygous,E,Frameshift,AD
311,c.74del,p.G25fs,ABCC8,NM_001287174,ENST00000302539,ENSG00000006071,Pathogenic,Heterozygous,E,Frameshift,AD
315,c.81_82insA,p.V28fs,ABCC8,NM_001287174,ENST00000302539,ENSG00000006071,Pathogenic,Heterozygous,E,Frameshift,AD
323,c.950del,p.P317fs,ABCC8,NM_001287174,ENST00000302539,ENSG00000006071,Pathogenic,Homozygous,E,Frameshift,AD
328,c.(?_-50)_(99+1_100-1)del,p.0?,AIP,NM_003977,ENST00000279146,ENSG00000110711,Pathogenic,Heterozygous,E,Partial Gene Deletion,AD
331,c.333del,p.Lys112fs,AIP,NM_003977,ENST00000279146,ENSG00000110711,Pathogenic,Heterozygous,E,Frameshift,AD
333,c.338_341dup,,AIP,NM_003977,ENST00000279146,ENSG00000110711,Pathogenic,Heterozygous,E,Frameshift,AD
334,c.376_377del,p.Q126fs,AIP,NM_003977,ENST00000279146,ENSG00000110711,Pathogenic,Heterozygous,E,Frameshift,AD
343,c.607_608dup,p.D204fs,AIP,NM_003977,ENST00000279146,ENSG00000110711,Pathogenic,Heterozygous,E,Frameshift,AD
345,c.74_81delinsCCCCGAT,,AIP,NM_003977,ENST00000279146,ENSG00000110711,Likely Pathogenic,Heterozygous,E,Frameshift,AD
350,c.805_825dup,p.Phe269_His275dup,AIP,NM_003977,ENST00000279146,ENSG00000110711,Pathogenic,Heterozygous,E,Other,AD
356,c.816_816del,p.,AIP,NM_003977,ENST00000279146,ENSG00000110711,Pathogenic,Heterozygous,E,Frameshift,AD
361,c.967_967del,p.Arg323fs,AIP,NM_003977,ENST00000279146,ENSG00000110711,Likely Pathogenic,Heterozygous,E,Frameshift,AD
363,c.976_977insC,p.Gly326fs,AIP,NM_003977,ENST00000279146,ENSG00000110711,Pathogenic,Heterozygous,E,Frameshift,AD
364,c.978_978dup,,AIP,NM_003977,ENST00000279146,ENSG00000110711,Pathogenic,Heterozygous,E,Frameshift,AD
366,c.(783+1_784-1)-?_(912+1_913-1)+?del,,AIP-MEN1,NM_003977,ENST00000279146,ENSG00000110711,Pathogenic,Heterozygous,E,Partial Gene Deletion,AD
367,c.-?_+?del,,AIP-MEN1,NM_003977,ENST00000279146,ENSG00000110711,Pathogenic,Heterozygous,I,,AD
368,c.1-?_445+?del,,AIP-MEN1,NM_003977,ENST00000279146,ENSG00000110711,Pathogenic,Heterozygous,E,,AD
369,c.1-?_993+?del,p.0?,AIP-MEN1,NM_003977,ENST00000279146,ENSG00000110711,Pathogenic,Heterozygous,E,Other,AD
371,c.-1_+6del,,AIP-MEN1,NM_003977,ENST00000279146,ENSG00000110711,Pathogenic,Heterozygous,E,Other,AD
372,c.100-?_279+?del,,AIP-MEN1,NM_003977,ENST00000279146,ENSG00000110711,Pathogenic,Heterozygous,E,Other,AD
373,c.-110-?_-24+?del,,AIP-MEN1,NM_003977,ENST00000279146,ENSG00000110711,Pathogenic,Heterozygous,I,,AD
375,c.-110-?_445+?del,p.0?,AIP-MEN1,NM_003977,ENST00000279146,ENSG00000110711,Pathogenic,Heterozygous,E,Other,AD
376,c.446-?_1833+?del,,AIP-MEN1,NM_003977,ENST00000279146,ENSG00000110711,Pathogenic,Heterozygous,E,,AD
377,c.260del,p.L87,AIRE,NM_003977,ENST00000279146,ENSG00000110711,Pathogenic,Homozygous,E,Frameshift,AD
386,c.2669del,p.P890fs,ARID1B,NM_020732,ENST00000346085,ENSG00000049618,Likely Pathogenic,Heterozygous,E,Frameshift,AD
387,c.6129del,p.S2043fs,ARID1B,NM_020732,ENST00000346085,ENSG00000049618,Pathogenic,Heterozygous,E,Frameshift,AD
391,c.148_162del,p.,ARSE,NM_000047,ENST00000381134,ENSG00000157399,Likely Pathogenic,Homozygous,E,,XR
398,c.3031del,p.V1014fs,ASH1L,NM_000047,ENST00000381134,ENSG00000157399,Likely Pathogenic,Heterozygous,E,Frameshift,XR
404,c.2035_2036del,p.S679fs,BCL11A,NM_022893,ENST00000335712,ENSG00000119866,Pathogenic,Heterozygous,E,Frameshift,AR
408,c.1798_1799delinsAA,p.V600K,BRAF,NM_004333,ENST00000288602,ENSG00000157764,Pathogenic,Heterozygous,I,Missense,AD
412,c.1099_1150del,p.T367T,CALR,NM_004343.3,ENST00000316448.5,ENSG00000179218,Pathogenic,Mosaic,E,Frameshift,AR
417,c.1100_1145del,p.L367?,CALR,NM_004343.3,ENST00000316448.5,ENSG00000179218,Pathogenic,Heterozygous,E,Frameshift,AR
418,c.1130_1149del,p.K377?,CALR,NM_004343.3,ENST00000316448.5,ENSG00000179218,Pathogenic,Acquired,E,Frameshift,AR
419,c.1150_1151delinsTGTC,p.D384fs,CALR,NM_004343.3,ENST00000316448.5,ENSG00000179218,Likely Pathogenic,Mosaic,E,Frameshift,AR
420,c.1154_1154delinsTTTGTC,p.K385fs,CALR,NM_004343.3,ENST00000316448.5,ENSG00000179218,Pathogenic,Mosaic,E,Frameshift,AR
422,c.1154_1155delinsTTTGTC,,CALR,NM_004343.3,ENST00000316448.5,ENSG00000179218,Pathogenic,Heterozygous,E,Missense,AR
423,c.1154_1155insTTGTC,,CALR,NM_004343.3,ENST00000316448.5,ENSG00000179218,Pathogenic,Homozygous,E,Frameshift,AR
429,c.1673_1674del,p.E558fs,CASR,NM_000388,ENST00000490131,ENSG00000036828,Pathogenic,Heterozygous,E,Frameshift,AD
434,c.1902_1906delinsG,,CASR,NM_000388,ENST00000490131,ENSG00000036828,Pathogenic,Heterozygous,E,Frameshift,AD
437,c.2099_2099del,p.,CASR,NM_000388,ENST00000490131,ENSG00000036828,Likely Pathogenic,Heterozygous,E,Frameshift,AD
442,c.2946del,p.Q983fs,CASR,NM_000388,ENST00000490131,ENSG00000036828,Pathogenic,Heterozygous,E,Frameshift,AD
455,c.668del,p.Q223fs,CD25,NM_145020,ENST00000398545,ENSG00000172361,Pathogenic,Homozygous,E,Frameshift,AR
459,c.584_585del,p.S195fs,CDC73,NM_024529,ENST00000367435,ENSG00000134371,Pathogenic,Heterozygous,E,Frameshift,AR
461,c.78_81del,p.I26fs,CDC73,NM_024529,ENST00000367435,ENSG00000134371,Pathogenic,Heterozygous,E,Frameshift,AR
466,c.1521_1523del,p.F508del,CFSCREEN,NM_032545,ENST00000259216,ENSG00000136698,Pathogenic,Homozygous,E,In-Frame Deletion,AD
469,c.1521_1523del,p.Phe508del,CFTR,NM_000492,ENST00000003084,ENSG00000001626,Pathogenic,Heterozygous,E,Other,AR
471,c.1522_1524del,p.F508del,CFTR,NM_000492,ENST00000003084,ENSG00000001626,Pathogenic,Heterozygous,E,In-Frame Deletion,AR
479,c.3062_3079del,p.P1021_G1026,COL2A1,NM_001844,ENST00000380518,ENSG00000139219,Pathogenic,Heterozygous,E,In-Frame Deletion,AR
483,c.1885_1897+18del,p.P629fs,COL4A1,NM_001845,ENST00000375820,ENSG00000187498,Likely Pathogenic,Heterozygous,E,Frameshift,AD
489,c.2699_2700delinsTG,,COL4A1,NM_001845,ENST00000375820,ENSG00000187498,Pathogenic,Heterozygous,E,Missense,AD
503,c.566_631del,p.T189_V211delinsM,CRLF1,NM_015697,ENST00000311469,ENSG00000173085,Likely Pathogenic,Homozygous,E,In-Frame Deletion,AD
506,c.1681_1682del,p.V561X,DDX3X,NM_001356,ENST00000399959,ENSG00000215301,Pathogenic,Heterozygous,E,Nonsense,AD
511,c.1365_1381del,p.Cys455fs,DLL3,NM_016941,ENST00000205143,ENSG00000090932,Pathogenic,Homozygous,E,Frameshift,AR
512,c.1418del,p.A473fs,DLL3,NM_016941,ENST00000205143,ENSG00000090932,Pathogenic,Heterozygous,E,Frameshift,AR
513,c.1504_1507del,p.A502fs,DLL3,NM_016941,ENST00000205143,ENSG00000090932,Pathogenic,Heterozygous,E,Frameshift,AR
516,c.599_603dup,p.Pro202Alafs,DLL3,NM_016941,ENST00000205143,ENSG00000090932,Pathogenic,Homozygous,E,Frameshift,AR
517,c.885_885del,p.Phe296fs,DLL3,NM_016941,ENST00000205143,ENSG00000090932,Pathogenic,Homozygous,E,Frameshift,AR
518,c.945_946del,p.Ala317fs,DLL3,NM_016941,ENST00000205143,ENSG00000090932,Pathogenic,Homozygous,E,Frameshift,AR
524,c.185_187del,p.Arg63del,EBP,NM_006579,ENST00000495186,ENSG00000147155,Pathogenic,Heterozygous,E,Other,XD
537,c.588del,p.W195fs,EBP,NM_006579,ENST00000495186,ENSG00000147155,Pathogenic,Heterozygous,E,Frameshift,XD
538,c.97_97dup,,EBP,NM_006579,ENST00000495186,ENSG00000147155,Pathogenic,Heterozygous,E,Frameshift,XD
540,c.122_123dup,p.D42fs,EFTUD2,NM_004247,ENST00000426333,ENSG00000108883,Pathogenic,Heterozygous,E,Frameshift,AD
542,c.291del,p.T99fs,EFTUD2,NM_004247,ENST00000426333,ENSG00000108883,Pathogenic,Heterozygous,E,Frameshift,AD
543,c.335dup,p.V113fs,EFTUD2,NM_004247,ENST00000426333,ENSG00000108883,Pathogenic,Heterozygous,E,Frameshift,AD
544,c.434_435del,p.F145fs,EFTUD2,NM_004247,ENST00000426333,ENSG00000108883,Pathogenic,Heterozygous,E,Frameshift,AD
548,c.944del,p.S315fs,EFTUD2,NM_004247,ENST00000426333,ENSG00000108883,Pathogenic,Heterozygous,E,Frameshift,AD
554,c.2235_2249del,p.Glu746_Ala750del,EGFR,NM_004247,ENST00000426333,ENSG00000108883,Pathogenic,,E,Frameshift,AD
559,c.2235_2264del,p.,EGFR,NM_004247,ENST00000426333,ENSG00000108883,Pathogenic,Heterozygous,E,,AD
560,c.2236_2250del,p.,EGFR,NM_004247,ENST00000426333,ENSG00000108883,Pathogenic,Mosaic,E,Frameshift,AD
563,c.2237_2255delinsT,p.Glu746_Ser752delinsVal,EGFR,NM_004247,ENST00000426333,ENSG00000108883,Pathogenic,Mosaic,E,Frameshift,AD
564,c.2239_2248delinsC,,EGFR,NM_004247,ENST00000426333,ENSG00000108883,Pathogenic,,E,,AD
567,c.2239_2251delinsC,,EGFR,NM_004247,ENST00000426333,ENSG00000108883,Pathogenic,Heterozygous,E,,AD
568,c.2240_2254del,p.L747_T751del,EGFR,NM_004247,ENST00000426333,ENSG00000108883,Pathogenic,Mosaic,E,In-Frame Deletion,AD
569,c.2240_2257del,p.Leu747_Pro753delinsSer,EGFR,NM_004247,ENST00000426333,ENSG00000108883,Pathogenic,Mosaic,E,Other,AD
571,c.2251_2277delinsTCT,,EGFR,NM_004247,ENST00000426333,ENSG00000108883,Pathogenic,Mosaic,E,Other,AD
572,c.2297_2305dup,p.A767_V769dup,EGFR,NM_004247,ENST00000426333,ENSG00000108883,Pathogenic,Heterozygous,E,In-Frame Duplication,AD
574,c.2300_2308dup,p.Ala767_Val769dup,EGFR,NM_004247,ENST00000426333,ENSG00000108883,Likely Pathogenic,Mosaic,E,In-Frame Duplication,AD
577,c.2317_2319dup,p.H773dup,EGFR,NM_004247,ENST00000426333,ENSG00000108883,Pathogenic,Mosaic,E,Other,AD
580,c.2335_2336delinsTT,p.G779F,EGFR,NM_004247,ENST00000426333,ENSG00000108883,Likely Pathogenic,Heterozygous,E,Missense,AD
585,c.1149_1150del,p.N383fs,EIF2AK3,NM_004836,ENST00000303236,ENSG00000172071,Pathogenic,Homozygous,E,Frameshift,AR
586,c.1213_1214del,p.K405,EIF2AK3,NM_004836,ENST00000303236,ENSG00000172071,Pathogenic,Heterozygous,E,Frameshift,AR
588,c.1254_1257delinsCGCAATCTGTCACTAACGCAATTGGT,p.E421fs,EIF2AK3,NM_004836,ENST00000303236,ENSG00000172071,Pathogenic,Heterozygous,E,Frameshift,AR
589,c.1259_1259del,p.Asn421fs,EIF2AK3,NM_004836,ENST00000303236,ENSG00000172071,Pathogenic,Heterozygous,E,Frameshift,AR
594,c.1567_1570del,p.E523fs,EIF2AK3,NM_004836,ENST00000303236,ENSG00000172071,Pathogenic,Homozygous,E,Frameshift,AR
596,c.1586del,p.L529fs,EIF2AK3,NM_004836,ENST00000303236,ENSG00000172071,Pathogenic,Homozygous,E,Frameshift,AR
597,c.1591dup,p.C531fs,EIF2AK3,NM_004836,ENST00000303236,ENSG00000172071,Pathogenic,Heterozygous,E,Frameshift,AR
598,c.1670dup,p.C558fs,EIF2AK3,NM_004836,ENST00000303236,ENSG00000172071,Pathogenic,Heterozygous,E,Frameshift,AR
599,c.1745_1746del,p.S582fs,EIF2AK3,NM_004836,ENST00000303236,ENSG00000172071,Pathogenic,Homozygous,E,Frameshift,AR
602,c.1840_1843delinsTCT,p.D614fs,EIF2AK3,NM_004836,ENST00000303236,ENSG00000172071,Pathogenic,Heterozygous,E,Frameshift,AR
608,c.2156del,p.S719fs,EIF2AK3,NM_004836,ENST00000303236,ENSG00000172071,Pathogenic,Homozygous,E,Frameshift,AR
611,c.2511_2514del,p.T838fs,EIF2AK3,NM_004836,ENST00000303236,ENSG00000172071,Pathogenic,Heterozygous,E,Frameshift,AR
612,c.2562dup,p.I855fs,EIF2AK3,NM_004836,ENST00000303236,ENSG00000172071,Pathogenic,Homozygous,E,Frameshift,AR
613,c.2589_2593del,p.L863fs,EIF2AK3,NM_004836,ENST00000303236,ENSG00000172071,Pathogenic,Homozygous,E,Frameshift,AR
615,c.2713dup,p.T905fs,EIF2AK3,NM_004836,ENST00000303236,ENSG00000172071,Pathogenic,Homozygous,E,Frameshift,AR
616,c.2731_2732dup,p.S912fs,EIF2AK3,NM_004836,ENST00000303236,ENSG00000172071,Pathogenic,Homozygous,E,Frameshift,AR
617,c.2865_2871delinsCCC,p.G956fs,EIF2AK3,NM_004836,ENST00000303236,ENSG00000172071,Pathogenic,Homozygous,E,Frameshift,AR
620,c.2941del,p.T981fs,EIF2AK3,NM_004836,ENST00000303236,ENSG00000172071,Pathogenic,Homozygous,E,Frameshift,AR
623,c.3112_3113insA,p.F1038fs,EIF2AK3,NM_004836,ENST00000303236,ENSG00000172071,Uncertain,Homozygous,E,Frameshift,AR
627,c.492_495del,p.D164fs,EIF2AK3,NM_004836,ENST00000303236,ENSG00000172071,Pathogenic,Heterozygous,E,Frameshift,AR
630,c.640_643dup,p.C216fs,EIF2AK3,NM_004836,ENST00000303236,ENSG00000172071,Pathogenic,Homozygous,E,Frameshift,AR
632,c.733dup,p.R245fs,EIF2AK3,NM_004836,ENST00000303236,ENSG00000172071,Pathogenic,Homozygous,E,Frameshift,AR
634,c.869_870del,p.E290fs,EIF2AK3,NM_004836,ENST00000303236,ENSG00000172071,Pathogenic,Homozygous,E,Frameshift,AR
641,c.2662_2662del,p.Arg888fs,ENPP1,NM_006208,ENST00000360971,ENSG00000197594,Pathogenic,Homozygous,E,Frameshift,AR
642,c.761_761del,p.Thr254fs,ENPP1,NM_006208,ENST00000360971,ENSG00000197594,Pathogenic,Homozygous,E,Frameshift,AR
653,c.2034del,p.D679fs,FGD1,NM_004463,ENST00000375135,ENSG00000102302,Pathogenic,Hemizygous,E,Frameshift,XR
655,c.2434dup,p.E812fs,FGD1,NM_004463,ENST00000375135,ENSG00000102302,Pathogenic,Hemizygous,E,Frameshift,XR
656,c.2617_2632del,p.F873fs,FGD1,NM_004463,ENST00000375135,ENSG00000102302,Pathogenic,Hemizygous,E,Frameshift,XR
657,c.2636_2637del,p.Glu879fs,FGD1,NM_004463,ENST00000375135,ENSG00000102302,Pathogenic,Hemizygous,E,Frameshift,XR
658,c.2715dup,p.E906fs,FGD1,NM_004463,ENST00000375135,ENSG00000102302,Pathogenic,Hemizygous,E,Frameshift,XR
661,c.514del,p.R172fs,FGD1,NM_004463,ENST00000375135,ENSG00000102302,Pathogenic,Hemizygous,E,Frameshift,XR
662,c.527_527dup,,FGD1,NM_004463,ENST00000375135,ENSG00000102302,Pathogenic,Hemizygous,E,Frameshift,XR
663,c.527dup,,FGD1,NM_004463,ENST00000375135,ENSG00000102302,Pathogenic,Hemizygous,E,,XR
668,c.1-?_1140+?del,p.0?,FOXF1,NM_001451,ENST00000262426,ENSG00000103241,Pathogenic,Heterozygous,E,,AD
669,c.1077_1080dup,p.G361fs,FOXF1,NM_001451,ENST00000262426,ENSG00000103241,Likely Pathogenic,Heterozygous,E,Frameshift,AD
679,c.691_698del,p.A231fs,FOXF1,NM_001451,ENST00000262426,ENSG00000103241,Pathogenic,Heterozygous,E,Frameshift,AD
680,c.86215055-?_86237268+?del,p.?,FOXF1,NM_001451,ENST00000262426,ENSG00000103241,Pathogenic,Heterozygous,I,Partial Gene Deletion,AD
681,c.86215055-?_86260262+?del,p.?,FOXF1,NM_001451,ENST00000262426,ENSG00000103241,Pathogenic,Heterozygous,E,Partial Gene Deletion,AD
682,c.86215055_86281189del,p.?,FOXF1,NM_001451,ENST00000262426,ENSG00000103241,Pathogenic,Heterozygous,I,Partial Gene Deletion,AD
683,c.90_96del,p.S31fs,FOXF1,NM_001451,ENST00000262426,ENSG00000103241,Pathogenic,Heterozygous,E,Frameshift,AD
684,c.936_936del,p.,FOXF1,NM_001451,ENST00000262426,ENSG00000103241,Pathogenic,Heterozygous,E,Frameshift,AD
685,c.g.?-86215055_86237268-86260239del,p.0?,FOXF1,NM_001451,ENST00000262426,ENSG00000103241,Pathogenic,Heterozygous,I,,AD
686,c.g.86215055-?_86281189+?del,,FOXF1,NM_001451,ENST00000262426,ENSG00000103241,Pathogenic,Heterozygous,I,Whole Gene Deletion,AD
687,,p.0?,FOXF1,NM_001451,ENST00000262426,ENSG00000103241,Pathogenic,Heterozygous,I,,AD
689,c.889dup,p.E297fs,FOXP1,NM_001451,ENST00000262426,ENSG00000103241,Pathogenic,Heterozygous,E,Frameshift,AD
698,c.1240del,p.R414fs,FOXP3,NM_014009,ENST00000376207,ENSG00000049768,Pathogenic,Hemizygous,E,Frameshift,XR
699,c.1276_1286del,p.N426fs,FOXP3,NM_014009,ENST00000376207,ENSG00000049768,Pathogenic,Homozygous,E,,XR
702,c.636_646del,p.D213fs,FOXP3,NM_014009,ENST00000376207,ENSG00000049768,Pathogenic,Hemizygous,E,Frameshift,XR
703,c.748_750del,p.K250del,FOXP3,NM_014009,ENST00000376207,ENSG00000049768,Pathogenic,Hemizygous,E,In-Frame Deletion,XR
704,c.751_753del,p.E251del,FOXP3,NM_014009,ENST00000376207,ENSG00000049768,Pathogenic,Hemizygous,E,In-Frame Deletion,XR
714,c.677del,p.A226fs,GALNT3,NM_004482,ENST00000392701,ENSG00000115339,Pathogenic,Homozygous,E,Frameshift,AR
716,c.803_803dup,,GALNT3,NM_004482,ENST00000392701,ENSG00000115339,Pathogenic,Homozygous,E,Frameshift,AR
717,c.803dup,p.Thr269fs,GALNT3,NM_004482,ENST00000392701,ENSG00000115339,Pathogenic,Homozygous,E,Frameshift,AR
718,c.892del,p.Y298fs,GALNT3,NM_004482,ENST00000392701,ENSG00000115339,Pathogenic,Heterozygous,E,Frameshift,AR
726,c.(?_-441)_(45+13_46-1)del,p.?,GCK,NM_000162,ENST00000403799,ENSG00000106633,Pathogenic,Heterozygous,E,Partial Gene Deletion,AD
727,c.1-?_45+?del,,GCK,NM_000162,ENST00000403799,ENSG00000106633,Pathogenic,Heterozygous,E,Other,AD
728,c.1000_1018del,p.F334fs,GCK,NM_000162,ENST00000403799,ENSG00000106633,Pathogenic,Heterozygous,E,Frameshift,AD
739,c.1119_1120dup,,GCK,NM_000162,ENST00000403799,ENSG00000106633,Pathogenic,Heterozygous,E,,AD
745,c.1148del,p.S383fs,GCK,NM_000162,ENST00000403799,ENSG00000106633,Pathogenic,Homozygous,E,Frameshift,AD
746,c.115_117del,p.K39del,GCK,NM_000162,ENST00000403799,ENSG00000106633,Pathogenic,Heterozygous,E,In-Frame Deletion,AD
748,c.1156del,p.L386?,GCK,NM_000162,ENST00000403799,ENSG00000106633,Pathogenic,Heterozygous,E,Frameshift,AD
756,c.1232_1244del,p.S411fs,GCK,NM_000162,ENST00000403799,ENSG00000106633,Pathogenic,Heterozygous,E,Frameshift,AD
758,c.1251del,p.S418fs,GCK,NM_000162,ENST00000403799,ENSG00000106633,Pathogenic,Heterozygous,E,Frameshift,AD
763,c.1301_1302delinsTT,p.C434F,GCK,NM_000162,ENST00000403799,ENSG00000106633,Pathogenic,Heterozygous,E,Missense,AD
768,c.1340_1368del,p.R477fs,GCK,NM_000162,ENST00000403799,ENSG00000106633,Pathogenic,Heterozygous,E,Frameshift,AD
771,c.1361_1363dup,p.A454dup,GCK,NM_000162,ENST00000403799,ENSG00000106633,Pathogenic,Mosaic,E,In-Frame Duplication,AD
777,c.181_183delinsCAA,p.Tyr61Gln,GCK,NM_000162,ENST00000403799,ENSG00000106633,Pathogenic,Heterozygous,E,Missense,AD
792,c.351_358del,p.T118fs,GCK,NM_000162,ENST00000403799,ENSG00000106633,Pathogenic,Heterozygous,E,Frameshift,AD
795,c.367_369del,p.F123,GCK,NM_000162,ENST00000403799,ENSG00000106633,Pathogenic,Heterozygous,E,In-Frame Deletion,AD
797,c.425_426delinsC,p.K142fs,GCK,NM_000162,ENST00000403799,ENSG00000106633,Pathogenic,Heterozygous,E,Frameshift,AD
799,c.45+12_46-1-?_208+1_209-1+?del,,GCK,NM_000162,ENST00000403799,ENSG00000106633,Pathogenic,Heterozygous,E,,AD
804,c.46-?_1398+?del,p.?,GCK,NM_000162,ENST00000403799,ENSG00000106633,Pathogenic,Heterozygous,E,Partial Gene Deletion,AD
808,c.483+2_483+16del,p.,GCK,NM_000162,ENST00000403799,ENSG00000106633,Pathogenic,Heterozygous,I,,AD
829,c.580del,p.D194fs,GCK,NM_000162,ENST00000403799,ENSG00000106633,Pathogenic,Heterozygous,E,Frameshift,AD
833,c.635_637del,p.S212del,GCK,NM_000162,ENST00000403799,ENSG00000106633,Pathogenic,Heterozygous,E,In-Frame Deletion,AD
850,c.756_770del,p.C252_E256del,GCK,NM_000162,ENST00000403799,ENSG00000106633,Uncertain,Homozygous,E,In-Frame Deletion,AD
851,c.757_757del,p.,GCK,NM_000162,ENST00000403799,ENSG00000106633,Pathogenic,Heterozygous,E,,AD
872,c.896del,p.G299fs,GCK,NM_000162,ENST00000403799,ENSG00000106633,Pathogenic,Heterozygous,E,Frameshift,AD
878,c.938del,p.N313fs,GCK,NM_000162,ENST00000403799,ENSG00000106633,Pathogenic,Heterozygous,E,Frameshift,AD
879,c.938dup,p.L314fs,GCK,NM_000162,ENST00000403799,ENSG00000106633,Pathogenic,Heterozygous,E,Frameshift,AD
885,c.98_118dup,p.V33_L39,GCK,NM_000162,ENST00000403799,ENSG00000106633,Likely Pathogenic,Heterozygous,E,In-Frame Duplication,AD
895,c.932_932del,p.,GLIS3,NM_001042413,ENST00000381971,ENSG00000107249,Pathogenic,Homozygous,E,Frameshift,AR
910,c.374_375insTTCA,p.K125fs,HADH,NM_005327,ENST00000309522,ENSG00000138796,Pathogenic,Heterozygous,E,Frameshift,AR
913,c.587del,p.S196fs,HADH,NM_005327,ENST00000309522,ENSG00000138796,Pathogenic,Homozygous,E,Frameshift,AR
914,c.617del,p.Lys206fs,HADH,NM_005327,ENST00000309522,ENSG00000138796,Pathogenic,Heterozygous,E,Frameshift,AR
917,c.664_668del,p.L222fs,HADH,NM_005327,ENST00000309522,ENSG00000138796,Pathogenic,Heterozygous,E,Frameshift,AR
921,c.385_394dup,,HES7,NM_032580,ENST00000541682,ENSG00000179111,Likely Pathogenic,Homozygous,E,Frameshift,AR
922,c.(?_-1)_(*1_?)del,p.0?,HNF1A,NM_000545,ENST00000541395,ENSG00000135100,Pathogenic,Heterozygous,E,Whole Gene Deletion,AD
923,c.(?_1-28)_(344+1_345-1)del,p.0?,HNF1A,NM_000545,ENST00000541395,ENSG00000135100,Pathogenic,Heterozygous,E,Partial Gene Deletion,AD
926,c.1042dup,p.L348fs,HNF1A,NM_000545,ENST00000541395,ENSG00000135100,Pathogenic,Heterozygous,E,Frameshift,AD
927,c.1045del,p.H349fs,HNF1A,NM_000545,ENST00000541395,ENSG00000135100,Pathogenic,Heterozygous,E,Frameshift,AD
928,c.1053del,p.S352fs,HNF1A,NM_000545,ENST00000541395,ENSG00000135100,Pathogenic,Heterozygous,E,Frameshift,AD
931,c.1136_1137del,p.P379fs,HNF1A,NM_000545,ENST00000541395,ENSG00000135100,Pathogenic,Heterozygous,E,Frameshift,AD
937,c.1330_1331del,p.Q444fs,HNF1A,NM_000545,ENST00000541395,ENSG00000135100,Pathogenic,Heterozygous,E,Frameshift,AD
942,c.1822_1823del,p.Ser608fs,HNF1A,NM_000545,ENST00000541395,ENSG00000135100,Pathogenic,Heterozygous,E,Frameshift,AD
944,c.197dup,p.T67fs,HNF1A,NM_000545,ENST00000541395,ENSG00000135100,Pathogenic,Heterozygous,E,Frameshift,AD
950,c.327-3_327-1del,p.?,HNF1A,NM_000545,ENST00000541395,ENSG00000135100,Pathogenic,Heterozygous,I,Splice Site,AD
963,c.51_52insCG,p.E18fs,HNF1A,NM_000545,ENST00000541395,ENSG00000135100,Pathogenic,Heterozygous,E,Frameshift,AD
973,c.666_668del,p.K222del,HNF1A,NM_000545,ENST00000541395,ENSG00000135100,Pathogenic,Heterozygous,E,In-Frame Deletion,AD
977,c.690_691del,p.Glu230fs,HNF1A,NM_000545,ENST00000541395,ENSG00000135100,Pathogenic,Heterozygous,E,Frameshift,AD
987,c.824_826del,p.Glu275del,HNF1A,NM_000545,ENST00000541395,ENSG00000135100,Pathogenic,Heterozygous,E,Other,AD
994,c.871_872dup,p.G292fs,HNF1A,NM_000545,ENST00000541395,ENSG00000135100,Pathogenic,Heterozygous,E,Frameshift,AD
995,c.872_872del,p.,HNF1A,NM_000545,ENST00000541395,ENSG00000135100,Pathogenic,Heterozygous,E,Frameshift,AD
996,c.872_872dup,,HNF1A,NM_000545,ENST00000541395,ENSG00000135100,Pathogenic,Heterozygous,E,Frameshift,AD
997,c.872del,p.G292fs,HNF1A,NM_000545,ENST00000541395,ENSG00000135100,Pathogenic,Heterozygous,E,Frameshift,AD
999,c.872dup,p.G292fs,HNF1A,NM_000545,ENST00000541395,ENSG00000135100,Pathogenic,Heterozygous,E,Frameshift,AD
1002,c.873del,p.P293,HNF1A,NM_000545,ENST00000541395,ENSG00000135100,Pathogenic,Heterozygous,E,Frameshift,AD
1003,c.887dup,p.P297fs,HNF1A,NM_000545,ENST00000541395,ENSG00000135100,Pathogenic,Heterozygous,E,Frameshift,AD
1007,c.(?_-1)_(*151_?)del,p.0?,HNF1B,NM_000458,ENST00000225893,ENSG00000108753,Pathogenic,Heterozygous,E,Whole Gene Deletion,AD
1009,c.?_-1-?_*151_?+?del,,HNF1B,NM_000458,ENST00000225893,ENSG00000108753,Pathogenic,Heterozygous,E,,AD
1011,c.1-?_*151+?del,p.0?,HNF1B,NM_000458,ENST00000225893,ENSG00000108753,Pathogenic,Heterozygous,E,,AD
1012,c.-1-?_*151+?del,p.0?,HNF1B,NM_000458,ENST00000225893,ENSG00000108753,Pathogenic,Heterozygous,E,Whole Gene Deletion,AD
1013,c.1-?_1674+?del,p.0?,HNF1B,NM_000458,ENST00000225893,ENSG00000108753,Pathogenic,Heterozygous,E,Whole Gene Deletion,AD
1015,c.1-?_344+?del,,HNF1B,NM_000458,ENST00000225893,ENSG00000108753,Pathogenic,Heterozygous,E,Other,AD
1017,c.234_254del,p.,HNF1B,NM_000458,ENST00000225893,ENSG00000108753,Likely Pathogenic,Heterozygous,E,,AD
1023,c.477del,p.M160X,HNF1B,NM_000458,ENST00000225893,ENSG00000108753,Pathogenic,Heterozygous,E,Nonsense,AD
1027,c.544+2dup,p.?,HNF1B,NM_000458,ENST00000225893,ENSG00000108753,Pathogenic,Heterozygous,I,Missense,AD
1028,c.544+3_544+6del,p.?,HNF1B,NM_000458,ENST00000225893,ENSG00000108753,Pathogenic,Heterozygous,I,Missense,AD
1029,c.-7_9del,,HNF1B,NM_000458,ENST00000225893,ENSG00000108753,Pathogenic,Heterozygous,E,,AD
1033,c.910del,p.R304fs,HNF1B,NM_000458,ENST00000225893,ENSG00000108753,Pathogenic,Heterozygous,E,Frameshift,AD
1035,c.972_973del,p.His324fs,HNF1B,NM_000458,ENST00000225893,ENSG00000108753,Pathogenic,Heterozygous,E,Frameshift,AD
1036,,p.0?,HNF1B,NM_000458,ENST00000225893,ENSG00000108753,Pathogenic,Heterozygous,E,Whole Gene Deletion,AD
1039,c.1067_1073del,p.P357,HNF4A,NM_175914,ENST00000457232,ENSG00000101076,Pathogenic,Heterozygous,E,Frameshift,AD
1049,c.21_22del,p.L8fs,HNF4A,NM_175914,ENST00000457232,ENSG00000101076,Pathogenic,Heterozygous,E,Frameshift,AD
1050,c.219del,p.C74fs,HNF4A,NM_175914,ENST00000457232,ENSG00000101076,Uncertain,Heterozygous,E,Frameshift,AD
1053,c.33_48dup,p.D17fs,HNF4A,NM_175914,ENST00000457232,ENSG00000101076,Pathogenic,Heterozygous,E,Frameshift,AD
1061,c.438del,p.V147fs,HNF4A,NM_175914,ENST00000457232,ENSG00000101076,Pathogenic,Heterozygous,E,Frameshift,AD
1063,c.572del,p.L191fs,HNF4A,NM_175914,ENST00000457232,ENSG00000101076,Pathogenic,Heterozygous,E,Frameshift,AD
1074,c.743dup,p.H249fs,HOXA1,NM_005522,ENST00000343060,ENSG00000105991,Likely Pathogenic,Homozygous,E,Frameshift,AR
1076,c.2063_2082delinsGCGTG,p.A688_D694delinsGV,IFT122,NM_016097,ENST00000256433,ENSG00000134049,Likely Pathogenic,Heterozygous,E,In-Frame Deletion,AR
1106,c.83_88del,p.Q28_H29del,INS,NM_000207,ENST00000250971,ENSG00000254647,Likely Pathogenic,Heterozygous,E,In-Frame Deletion,AD
1118,c.1466_1470del,p.V489fs,ITGA8,NM_003638,ENST00000378076,ENSG00000077943,Pathogenic,Homozygous,E,Frameshift,AD
1120,c.(?_1-258)-?_(*1652_?)+?del,p.0?,JAG1,NM_000214,ENST00000254958,ENSG00000101384,Pathogenic,Heterozygous,I,,AD
1121,c.?_-297-?_*1707_?+?del,0?,JAG1,NM_000214,ENST00000254958,ENSG00000101384,Pathogenic,Heterozygous,E,Whole Gene Deletion,AD
1122,c.1-?_3657+?del,,JAG1,NM_000214,ENST00000254958,ENSG00000101384,Pathogenic,Heterozygous,I,,AD
1124,c.1-?_755+?del,p.0?,JAG1,NM_000214,ENST00000254958,ENSG00000101384,Pathogenic,Heterozygous,I,,AD
1125,c.1116_1116dup,,JAG1,NM_000214,ENST00000254958,ENSG00000101384,Pathogenic,Heterozygous,E,Frameshift,AD
1127,c.1190del,p.K397fs,JAG1,NM_000214,ENST00000254958,ENSG00000101384,Pathogenic,Heterozygous,E,Frameshift,AD
1128,c.1280_1281del,p.C427*,JAG1,NM_000214,ENST00000254958,ENSG00000101384,Pathogenic,Heterozygous,E,Nonsense,AD
1129,c.1304del,p.Y435fs,JAG1,NM_000214,ENST00000254958,ENSG00000101384,Pathogenic,Heterozygous,E,Frameshift,AD
1130,c.1346dup,p.N450fs,JAG1,NM_000214,ENST00000254958,ENSG00000101384,Pathogenic,Heterozygous,E,Frameshift,AD
1131,c.1450_1451del,p.C484,JAG1,NM_000214,ENST00000254958,ENSG00000101384,Pathogenic,Heterozygous,E,Frameshift,AD
1132,c.1456del,,JAG1,NM_000214,ENST00000254958,ENSG00000101384,Pathogenic,Heterozygous,E,,AD
1133,c.1487_1488del,p.Cys496fs,JAG1,NM_000214,ENST00000254958,ENSG00000101384,Pathogenic,Heterozygous,E,Frameshift,AD
1137,c.1888_1889del,p.I630X,JAG1,NM_000214,ENST00000254958,ENSG00000101384,Pathogenic,Heterozygous,E,Nonsense,AD
1138,c.1919del,p.N640fs,JAG1,NM_000214,ENST00000254958,ENSG00000101384,Pathogenic,Heterozygous,E,Frameshift,AD
1139,c.2017dup,p.Q673fs,JAG1,NM_000214,ENST00000254958,ENSG00000101384,Pathogenic,Heterozygous,E,Frameshift,AD
1141,c.2122_2125del,p.Gln708fs,JAG1,NM_000214,ENST00000254958,ENSG00000101384,Pathogenic,Heterozygous,E,Frameshift,AD
1145,c.2269_2270del,p.,JAG1,NM_000214,ENST00000254958,ENSG00000101384,Pathogenic,Heterozygous,E,Frameshift,AD
1147,c.2372+3_2372+6del,,JAG1,NM_000214,ENST00000254958,ENSG00000101384,Pathogenic,Heterozygous,I,,AD
1148,c.2373-2_2373-7del,,JAG1,NM_000214,ENST00000254958,ENSG00000101384,Pathogenic,Heterozygous,I,Splice Site,AD
1151,c.2458+2_2458+5del,p.?,JAG1,NM_000214,ENST00000254958,ENSG00000101384,Pathogenic,Heterozygous,I,Splice Site,AD
1152,c.2557del,p.A853fs,JAG1,NM_000214,ENST00000254958,ENSG00000101384,Pathogenic,Heterozygous,E,Frameshift,AD
1154,c.2652del,,JAG1,NM_000214,ENST00000254958,ENSG00000101384,Pathogenic,Heterozygous,E,,AD
1158,c.2689_2693del,p.C897fs,JAG1,NM_000214,ENST00000254958,ENSG00000101384,Pathogenic,Heterozygous,E,Frameshift,AD
1160,c.2731dup,p.C911fs,JAG1,NM_000214,ENST00000254958,ENSG00000101384,Likely Pathogenic,Heterozygous,E,Frameshift,AD
1161,c.2957dup,p.Leu986fs,JAG1,NM_000214,ENST00000254958,ENSG00000101384,Pathogenic,Heterozygous,E,Frameshift,AD
1162,c.-297-?_387+?del,,JAG1,NM_000214,ENST00000254958,ENSG00000101384,Pathogenic,Heterozygous,I,,AD
1164,c.3000_3001dup,p.C1002fs,JAG1,NM_000214,ENST00000254958,ENSG00000101384,Pathogenic,Heterozygous,E,Frameshift,AD
1168,c.3069del,p.Asp1023fs,JAG1,NM_000214,ENST00000254958,ENSG00000101384,Pathogenic,Heterozygous,E,Frameshift,AD
1169,c.3075del,,JAG1,NM_000214,ENST00000254958,ENSG00000101384,Pathogenic,Heterozygous,E,Frameshift,AD
1170,c.3199+1dup,,JAG1,NM_000214,ENST00000254958,ENSG00000101384,Pathogenic,Heterozygous,I,Splice Site,AD
1171,c.3241dup,p.W1081fs,JAG1,NM_000214,ENST00000254958,ENSG00000101384,Pathogenic,Heterozygous,E,Frameshift,AD
1172,c.372_373del,p.Phe124fs,JAG1,NM_000214,ENST00000254958,ENSG00000101384,Pathogenic,Heterozygous,E,Frameshift,AD
1173,c.380_387+7del,p.Ala127fs,JAG1,NM_000214,ENST00000254958,ENSG00000101384,Pathogenic,Heterozygous,E,Frameshift,AD
1174,c.390dup,p.Ser131fs,JAG1,NM_000214,ENST00000254958,ENSG00000101384,Pathogenic,Heterozygous,E,Frameshift,AD
1176,c.438_439+2del,p.Gln147fs,JAG1,NM_000214,ENST00000254958,ENSG00000101384,Pathogenic,Heterozygous,E,Frameshift,AD
1182,c.53_73del,p.L18_L24,JAG1,NM_000214,ENST00000254958,ENSG00000101384,Likely Pathogenic,Heterozygous,E,In-Frame Deletion,AD
1183,c.537_537dup,,JAG1,NM_000214,ENST00000254958,ENSG00000101384,Pathogenic,Heterozygous,E,Nonsense,AD
1187,c.550del,p.R184fs,JAG1,NM_000214,ENST00000254958,ENSG00000101384,Likely Pathogenic,Heterozygous,E,Frameshift,AD
1189,c.553del,p.V185,JAG1,NM_000214,ENST00000254958,ENSG00000101384,Pathogenic,Heterozygous,E,Nonsense,AD
1193,c.62_73del,p.,JAG1,NM_000214,ENST00000254958,ENSG00000101384,Likely Pathogenic,Heterozygous,E,Other,AD
1197,c.694+1_695-1_755+1_756-1del,p.?,JAG1,NM_000214,ENST00000254958,ENSG00000101384,Pathogenic,Heterozygous,E,Partial Gene Deletion,AD
1200,c.722_722dup,,JAG1,NM_000214,ENST00000254958,ENSG00000101384,Pathogenic,Heterozygous,E,Frameshift,AD
1203,c.879_880del,p.C293X,JAG1,NM_000214,ENST00000254958,ENSG00000101384,Pathogenic,Heterozygous,E,Frameshift,AD
1204,c.929del,p.G102fs,JAG1,NM_000214,ENST00000254958,ENSG00000101384,Pathogenic,Heterozygous,E,Frameshift,AD
1205,c.956_962del,p.K319fs,JAG1,NM_000214,ENST00000254958,ENSG00000101384,Pathogenic,Heterozygous,E,Frameshift,AD
1207,c.98dup,p.Q34fs,JAG1,NM_000214,ENST00000254958,ENSG00000101384,Pathogenic,Heterozygous,E,Frameshift,AD
1209,c.99del,p.Q34fs,JAG1,NM_000214,ENST00000254958,ENSG00000101384,Pathogenic,Heterozygous,E,Frameshift,AD
1210,c.1609_1641dup,,JAK2,NM_004972,ENST00000381652,ENSG00000096968,Likely Pathogenic,Heterozygous,E,Other,AD
1212,c.1611_1616del,p.Phe537_Lys539delinsLeu,JAK2,NM_004972,ENST00000381652,ENSG00000096968,Pathogenic,Heterozygous,E,Other,AD
1213,c.1614_1616delinsATT,,JAK2,NM_004972,ENST00000381652,ENSG00000096968,Pathogenic,Mosaic,E,Other,AD
1214,c.1620_1627delinsGA,540_543,JAK2,NM_004972,ENST00000381652,ENSG00000096968,Likely Pathogenic,Mosaic,I,Other,AD
1216,c.1623_1629delinsG,p.N542_E543del,JAK2,NM_004972,ENST00000381652,ENSG00000096968,Pathogenic,Acquired,E,In-Frame Deletion,AD
1217,c.1624_1629del,p.Asn542_Glu543del,JAK2,NM_004972,ENST00000381652,ENSG00000096968,Pathogenic,Heterozygous,E,In-Frame Deletion,AD
1218,c.1627_1632del,p.Glu543_Asp544del,JAK2,NM_004972,ENST00000381652,ENSG00000096968,Pathogenic,Mosaic,E,Other,AD
1230,c.166_167delinsGG,p.L56G,KCNJ11,NM_000525,ENST00000339994,ENSG00000187486,Likely Pathogenic,Homozygous,E,Missense,AD
1236,c.356dup,p.A120fs,KCNJ11,NM_000525,ENST00000339994,ENSG00000187486,Pathogenic,Homozygous,E,Frameshift,AD
1237,c.390_393dup,p.G132fs,KCNJ11,NM_000525,ENST00000339994,ENSG00000187486,Pathogenic,Homozygous,E,Frameshift,AD
1238,c.405dup,p.R136fs,KCNJ11,NM_000525,ENST00000339994,ENSG00000187486,Pathogenic,Heterozygous,I,Frameshift,AD
1275,c.1648-10_1670del,,KIT,NM_000222,ENST00000288135,ENSG00000157404,Likely Pathogenic,Mosaic,E,,AD
1276,c.1667_1720del,p.Gln556_Thr574delinsPro,KIT,NM_000222,ENST00000288135,ENSG00000157404,Pathogenic,Heterozygous,E,Frameshift,AD
1282,c.9983dup,p.H3328fs,KMT2A,NM_001197104,ENST00000534358,ENSG00000118058,Likely Pathogenic,Heterozygous,E,Frameshift,"AD, AR"
1296,c.1526dup,p.T510fs,LMNA,NM_033343,ENST00000263726,ENSG00000121454,Pathogenic,Heterozygous,E,Frameshift,AD
1297,c.1531_1534del,p.,LMNA,NM_033343,ENST00000263726,ENSG00000121454,Pathogenic,Heterozygous,E,Frameshift,AD
1302,c.514-?_1995+?dup,p.L172_*665dup,LMNA,NM_033343,ENST00000263726,ENSG00000121454,Likely Pathogenic,Heterozygous,E,Partial Gene Duplication,AD
1303,c.548_550delinsATCA,p.L183fs,LMNA,NM_033343,ENST00000263726,ENSG00000121454,Pathogenic,Heterozygous,E,Frameshift,AD
1304,c.648_649dup,,LMNA,NM_033343,ENST00000263726,ENSG00000121454,Pathogenic,Heterozygous,E,Frameshift,AD
1307,c.777del,,LMNA,NM_033343,ENST00000263726,ENSG00000121454,Pathogenic,Heterozygous,E,,AD
1308,c.782_782del,p.,LMNA,NM_033343,ENST00000263726,ENSG00000121454,Pathogenic,Heterozygous,E,Frameshift,AD
1310,c.(4730-1)_(5171+1)del,,LRBA,NM_006726,ENST00000357115,ENSG00000198589,Pathogenic,Homozygous,E,Partial Gene Deletion,AD
1311,c.3988dup,p.I1330fs,LRBA,NM_006726,ENST00000357115,ENSG00000198589,Pathogenic,Homozygous,E,Frameshift,AD
1319,c.1075_1077del,p.E359de,MEN1,NM_130799,ENST00000312049,ENSG00000133895,Likely Pathogenic,Heterozygous,E,In-Frame Deletion,AD
1320,c.108_122dup,p.L37_L41dup,MEN1,NM_130799,ENST00000312049,ENSG00000133895,Pathogenic,Heterozygous,E,In-Frame Duplication,AD
1323,c.1096_1096del,p.Glu366fs,MEN1,NM_130799,ENST00000312049,ENSG00000133895,Pathogenic,Heterozygous,E,Frameshift,AD
1324,c.-110-?_+-24+?del,,MEN1,NM_130799,ENST00000312049,ENSG00000133895,Pathogenic,Heterozygous,E,Other,AD
1325,c.1119del,p.N374fs,MEN1,NM_130799,ENST00000312049,ENSG00000133895,Pathogenic,Heterozygous,E,Frameshift,AD
1326,c.1204_1208del,p.S402fs,MEN1,NM_130799,ENST00000312049,ENSG00000133895,Pathogenic,Heterozygous,E,Frameshift,AD
1328,c.1217_1221del,p.D406?,MEN1,NM_130799,ENST00000312049,ENSG00000133895,Pathogenic,Heterozygous,E,Frameshift,AD
1329,c.1218_1222del,p.D406fs,MEN1,NM_130799,ENST00000312049,ENSG00000133895,Likely Pathogenic,Heterozygous,E,Frameshift,AD
1333,c.1252del,p.Asp418fs,MEN1,NM_130799,ENST00000312049,ENSG00000133895,Pathogenic,Heterozygous,E,,AD
1336,c.1304del,p.G435,MEN1,NM_130799,ENST00000312049,ENSG00000133895,Pathogenic,Heterozygous,E,Frameshift,AD
1339,c.1350+1_1350+11del,,MEN1,NM_130799,ENST00000312049,ENSG00000133895,Pathogenic,Heterozygous,I,,AD
1345,c.1382_1389dup,p.Ala464fs,MEN1,NM_130799,ENST00000312049,ENSG00000133895,Pathogenic,Heterozygous,E,Frameshift,AD
1346,c.1450_1462del,p.Arg484fs,MEN1,NM_130799,ENST00000312049,ENSG00000133895,Pathogenic,Heterozygous,E,Frameshift,AD
1347,c.1546_1546dup,p.Arg516fs,MEN1,NM_130799,ENST00000312049,ENSG00000133895,Pathogenic,Heterozygous,E,Frameshift,AD
1348,c.1546dup,,MEN1,NM_130799,ENST00000312049,ENSG00000133895,Pathogenic,Heterozygous,E,Frameshift,AD
1353,c.1581_1621del,p.G528S,MEN1,NM_130799,ENST00000312049,ENSG00000133895,Pathogenic,Heterozygous,E,Frameshift,AD
1355,c.196_200dup,p.D70fs,MEN1,NM_130799,ENST00000312049,ENSG00000133895,Pathogenic,Heterozygous,E,Frameshift,AD
1357,c.207_207del,p.Asp70fs,MEN1,NM_130799,ENST00000312049,ENSG00000133895,Pathogenic,Heterozygous,E,Frameshift,AD
1359,c.249_252del,p.I85fs,MEN1,NM_130799,ENST00000312049,ENSG00000133895,Pathogenic,Heterozygous,I,Frameshift,AD
1360,c.266_286del,p.L89_A95del,MEN1,NM_130799,ENST00000312049,ENSG00000133895,Likely Pathogenic,Heterozygous,E,In-Frame Deletion,AD
1361,c.269_270del,p.Tyr90fs,MEN1,NM_130799,ENST00000312049,ENSG00000133895,Pathogenic,Heterozygous,E,Frameshift,AD
1363,c.286_300del,p.Gln96_Ala100del,MEN1,NM_130799,ENST00000312049,ENSG00000133895,Pathogenic,Mosaic,E,In-Frame Deletion,AD
1365,c.292del,p.R98,MEN1,NM_130799,ENST00000312049,ENSG00000133895,Pathogenic,Heterozygous,E,Frameshift,AD
1366,c.358_360del,p.,MEN1,NM_130799,ENST00000312049,ENSG00000133895,Likely Pathogenic,Heterozygous,E,,AD
1369,c.370del,p.V124fs,MEN1,NM_130799,ENST00000312049,ENSG00000133895,Pathogenic,Heterozygous,E,Frameshift,AD
1371,c.391del,p.R131fs,MEN1,NM_130799,ENST00000312049,ENSG00000133895,Pathogenic,Heterozygous,E,Frameshift,AD
1373,c.402_402del,p.Phe134fs,MEN1,NM_130799,ENST00000312049,ENSG00000133895,Pathogenic,Heterozygous,E,Frameshift,AD
1374,c.402del,p.F132fs,MEN1,NM_130799,ENST00000312049,ENSG00000133895,Pathogenic,Heterozygous,E,Frameshift,AD
1375,c.406_406del,p.,MEN1,NM_130799,ENST00000312049,ENSG00000133895,Pathogenic,Heterozygous,E,Frameshift,AD
1376,c.419dup,p.Gln141fs,MEN1,NM_130799,ENST00000312049,ENSG00000133895,Pathogenic,Heterozygous,E,Frameshift,AD
1382,c.511del,p.R171fs,MEN1,NM_130799,ENST00000312049,ENSG00000133895,Pathogenic,Heterozygous,E,Frameshift,AD
1386,c.628_631del,,MEN1,NM_130799,ENST00000312049,ENSG00000133895,Pathogenic,Heterozygous,E,Frameshift,AD
1395,c.712_713insGTGCCA,,MEN1,NM_130799,ENST00000312049,ENSG00000133895,Likely Pathogenic,Heterozygous,E,In-Frame Insertion,AD
1396,c.741del,p.I247fs,MEN1,NM_130799,ENST00000312049,ENSG00000133895,Pathogenic,Heterozygous,E,Frameshift,AD
1404,c.83del,p.G28fs,MEN1,NM_130799,ENST00000312049,ENSG00000133895,Pathogenic,Heterozygous,E,Frameshift,AD
1408,c.979_979del,p.Tyr327fs,MEN1,NM_130799,ENST00000312049,ENSG00000133895,Pathogenic,Heterozygous,E,Frameshift,AD
1410,c.1408-34_1408-6del,p.?,MKS1,NM_000381,ENST00000317552,ENSG00000101871,Pathogenic,Heterozygous,I,Splice Site,AR
1411,c.204_216dup,p.L73fs,MNX1,NM_005515,ENST00000252971,ENSG00000130675,Pathogenic,Heterozygous,E,Frameshift,AD
1413,c.(?_-1)_(*151_?)del,,MODY,NM_005515,ENST00000252971,ENSG00000130675,Pathogenic,Heterozygous,E,,AD
1416,c.(?_-440)_(*332_?)del,,MODY,NM_005515,ENST00000252971,ENSG00000130675,Pathogenic,Heterozygous,I,,AD
1417,c.(?_-441)_(?_46-1)del,,MODY,NM_005515,ENST00000252971,ENSG00000130675,Pathogenic,Heterozygous,E,,AD
1418,c.(?_50-4517)_(*1057_?)del,p.0,MODY,NM_005515,ENST00000252971,ENSG00000130675,Pathogenic,Heterozygous,E,Whole Gene Deletion,AD
1419,c.(326+209_327-1)_(*1_?)del,,MODY,NM_005515,ENST00000252971,ENSG00000130675,Pathogenic,Heterozygous,E,,AD
1420,c.-1-?_*151+?del,p.0?,MODY,NM_005515,ENST00000252971,ENSG00000130675,Pathogenic,Heterozygous,E,Whole Gene Deletion,AD
1421,c.1-?_1674+?del,,MODY,NM_005515,ENST00000252971,ENSG00000130675,Pathogenic,Heterozygous,E,,AD
1423,c.1-?-1_1654+?+9del,,MODY,NM_005515,ENST00000252971,ENSG00000130675,Pathogenic,,I,,AD
1424,c.1-?-1_1654+?+9ins,,MODY,NM_005515,ENST00000252971,ENSG00000130675,Pathogenic,,I,,AD
1425,c.1-?-1_1674+?+9del,,MODY,NM_005515,ENST00000252971,ENSG00000130675,Pathogenic,,I,,AD
1426,c.1-?-1_45+?+1del,,MODY,NM_005515,ENST00000252971,ENSG00000130675,Pathogenic,Homozygous,E,,AD
1427,c.-1_+9del,,MODY,NM_005515,ENST00000252971,ENSG00000130675,Pathogenic,,I,,AD
1428,c.1046-?-5_1206+?+5del,,MODY,NM_005515,ENST00000252971,ENSG00000130675,Pathogenic,Heterozygous,I,,AD
1429,c.1207-?-6_1339+?+6del,,MODY,NM_005515,ENST00000252971,ENSG00000130675,Pathogenic,,I,,AD
1430,c.1254-?-10_1398+?+10del,,MODY,NM_005515,ENST00000252971,ENSG00000130675,Pathogenic,,I,,AD
1434,c.1-?_1395+?del,p.0?,MYCN,NM_005378,ENST00000281043,ENSG00000134323,Pathogenic,Heterozygous,E,Whole Gene Deletion,AD
1436,c.1124_1125del,p.S375X,MYCN,NM_005378,ENST00000281043,ENSG00000134323,Likely Pathogenic,Heterozygous,E,Nonsense,AD
1439,c.1276del,p.A426fs,MYCN,NM_005378,ENST00000281043,ENSG00000134323,Likely Pathogenic,Heterozygous,E,Frameshift,AD
1441,c.1355_1356delinsCC,p.Q452P,MYCN,NM_005378,ENST00000281043,ENSG00000134323,Uncertain,Heterozygous,E,Missense,AD
1443,c.145dup,p.I49fs,MYCN,NM_005378,ENST00000281043,ENSG00000134323,Pathogenic,Heterozygous,E,Frameshift,AD
1444,c.302dup,p.L102fs,MYCN,NM_005378,ENST00000281043,ENSG00000134323,Pathogenic,Heterozygous,E,Frameshift,AD
1448,c.616dup,p.H206fs,NEUROD1,NM_002500,ENST00000295108,ENSG00000162992,Uncertain,Heterozygous,E,Frameshift,AD
1479,c.629del,p.Gly210fs,NOTCH3,NM_000435,ENST00000263388,ENSG00000074181,Pathogenic,Heterozygous,E,Frameshift,AD
1486,c.1071_1073del,p.K357del,PAK3,NM_002526,ENST00000257770,ENSG00000135318,Uncertain,Hemizygous,E,In-Frame Deletion,XD
1490,c.1698_1712del,p.Ser566_Glu571delinsArg,PDGFRA,NM_03719,ENST00000264917,ENSG00000113231,Pathogenic,Mosaic,E,In-Frame Deletion,AD
1495,c.183del,p.F61fs,PEX7,NM_000288,ENST00000318471,ENSG00000112357,Likely Pathogenic,Heterozygous,E,Frameshift,AR
1496,c.183het_delT,p.Phe63fs,PEX7,NM_000288,ENST00000318471,ENSG00000112357,Pathogenic,Heterozygous,E,Frameshift,AR
1497,c.370_396del,p.G124_S132del,PEX7,NM_000288,ENST00000318471,ENSG00000112357,Pathogenic,Homozygous,E,,AR
1502,c.(1302+1_1303-1)-?_(1404+1_1405-1)+?dup,p.?,PHEX,NM_000444,ENST00000379374,ENSG00000102174,Pathogenic,Hemizygous,E,Partial Gene Duplication,XD
1503,c.(1302+1_1303-1)_(1645+121_1646-1)del,p.?,PHEX,NM_000444,ENST00000379374,ENSG00000102174,Pathogenic,Heterozygous,I,Partial Gene Deletion,XD
1504,c.(1404+131_1405-1)_(2070+1_2071-1)dup,p.?,PHEX,NM_000444,ENST00000379374,ENSG00000102174,Pathogenic,Hemizygous,E,Partial Gene Duplication,XD
1505,c.(187+1_188-1)-?_(349+1_350-1)+?dup,p.?,PHEX,NM_000444,ENST00000379374,ENSG00000102174,Pathogenic,Heterozygous,E,Partial Gene Duplication,XD
1506,c.(187+1_188-1)_(349+1_350-1)del,p.?,PHEX,NM_000444,ENST00000379374,ENSG00000102174,Pathogenic,Heterozygous,E,Partial Gene Deletion,XD
1507,c.(2147+1_2148-1)_(*+1_?)del,p.?,PHEX,NM_000444,ENST00000379374,ENSG00000102174,Pathogenic,Hemizygous,E,Partial Gene Deletion,XD
1508,c.1-?_349+?del,,PHEX,NM_000444,ENST00000379374,ENSG00000102174,Pathogenic,Heterozygous,E,Partial Gene Deletion,XD
1509,c.1011_1012dup,p.N338fs,PHEX,NM_000444,ENST00000379374,ENSG00000102174,Likely Pathogenic,Heterozygous,E,Frameshift,XD
1510,c.1080-?_1302+?del,,PHEX,NM_000444,ENST00000379374,ENSG00000102174,Pathogenic,Heterozygous,I,Other,XD
1513,c.118+2_118+16del,p.,PHEX,NM_000444,ENST00000379374,ENSG00000102174,Pathogenic,Heterozygous,I,,XD
1514,c.1185_1185dup,,PHEX,NM_000444,ENST00000379374,ENSG00000102174,Pathogenic,Heterozygous,E,Frameshift,XD
1515,c.1185del,p.T396FS,PHEX,NM_000444,ENST00000379374,ENSG00000102174,Pathogenic,Mosaic,I,Frameshift,XD
1517,c.1265_1268del,p.F422X,PHEX,NM_000444,ENST00000379374,ENSG00000102174,Pathogenic,Hemizygous,E,Frameshift,XD
1518,c.1292del,p.K431fs,PHEX,NM_000444,ENST00000379374,ENSG00000102174,Pathogenic,Hemizygous,E,Frameshift,XD
1519,c.1302dup,,PHEX,NM_000444,ENST00000379374,ENSG00000102174,Pathogenic,Hemizygous,E,Partial Gene Duplication,XD
1520,c.1303-?_1404+?ins,,PHEX,NM_000444,ENST00000379374,ENSG00000102174,Pathogenic,Heterozygous,E,,XD
1521,c.1303-?_2250+?del,p.?,PHEX,NM_000444,ENST00000379374,ENSG00000102174,Pathogenic,Heterozygous,E,Partial Gene Deletion,XD
1524,c.1357_1360del,,PHEX,NM_000444,ENST00000379374,ENSG00000102174,Pathogenic,Homozygous,E,Frameshift,XD
1527,c.1372_1375dup,,PHEX,NM_000444,ENST00000379374,ENSG00000102174,Pathogenic,Heterozygous,E,Frameshift,XD
1528,c.1405-?_1645+?dup,,PHEX,NM_000444,ENST00000379374,ENSG00000102174,Pathogenic,Heterozygous,E,Partial Gene Duplication,XD
1529,c.1405-?_2250+?del,,PHEX,NM_000444,ENST00000379374,ENSG00000102174,Pathogenic,Hemizygous,I,,XD
1531,c.1443del,p.F481fs,PHEX,NM_000444,ENST00000379374,ENSG00000102174,Pathogenic,Heterozygous,E,Frameshift,XD
1532,c.1474_1474del,p.Leu492fs,PHEX,NM_000444,ENST00000379374,ENSG00000102174,Pathogenic,Heterozygous,E,,XD
1533,c.1482+1_1482+4delinsTTTAT,,PHEX,NM_000444,ENST00000379374,ENSG00000102174,Pathogenic,Heterozygous,I,Splice Site,XD
1535,c.1583_1584del,p.Thr528fs,PHEX,NM_000444,ENST00000379374,ENSG00000102174,Pathogenic,Hemizygous,E,Frameshift,XD
1538,c.1592dup,p.T532fs,PHEX,NM_000444,ENST00000379374,ENSG00000102174,Pathogenic,Heterozygous,E,Frameshift,XD
1540,c.1645-?-?_1700+?+?del,p.?,PHEX,NM_000444,ENST00000379374,ENSG00000102174,Pathogenic,Heterozygous,E,Partial Gene Deletion,XD
1545,c.-1646-?_+1700+?del,,PHEX,NM_000444,ENST00000379374,ENSG00000102174,Pathogenic,Hemizygous,E,,XD
1546,c.1646-?_1700+?del,p.?,PHEX,NM_000444,ENST00000379374,ENSG00000102174,Pathogenic,Hemizygous,E,Partial Gene Deletion,XD
1547,c.1670del,p.K557fs,PHEX,NM_000444,ENST00000379374,ENSG00000102174,Pathogenic,Heterozygous,E,Frameshift,XD
1551,c.1759del,p.D587fs,PHEX,NM_000444,ENST00000379374,ENSG00000102174,Pathogenic,Heterozygous,E,,XD
1555,c.1800dup,p.Pro601fs,PHEX,NM_000444,ENST00000379374,ENSG00000102174,Pathogenic,Heterozygous,E,Frameshift,XD
1558,c.1844_1848dup,p.C617fs,PHEX,NM_000444,ENST00000379374,ENSG00000102174,Pathogenic,Heterozygous,E,Frameshift,XD
1559,c.1854_1857dup,p.N620fs,PHEX,NM_000444,ENST00000379374,ENSG00000102174,Pathogenic,Hemizygous,E,Frameshift,XD
1562,c.188-?_349+?dup,,PHEX,NM_000444,ENST00000379374,ENSG00000102174,Pathogenic,Heterozygous,E,,XD
1571,c.1966_1969dup,p.Y657fs,PHEX,NM_000444,ENST00000379374,ENSG00000102174,Pathogenic,Hemizygous,E,Frameshift,XD
1576,c.2019_2020dup,p.P674fs,PHEX,NM_000444,ENST00000379374,ENSG00000102174,Pathogenic,Hemizygous,E,Frameshift,XD
1577,c.2039_2042dup,,PHEX,NM_000444,ENST00000379374,ENSG00000102174,Pathogenic,Heterozygous,E,Frameshift,XD
1578,c.2070_2071-?_2250_?+?del,?,PHEX,NM_000444,ENST00000379374,ENSG00000102174,Pathogenic,Heterozygous,E,Partial Gene Deletion,XD
1579,c.2071-?_2250+?del,,PHEX,NM_000444,ENST00000379374,ENSG00000102174,Pathogenic,Heterozygous,I,Other,XD
1581,c.2147_2147+1del,,PHEX,NM_000444,ENST00000379374,ENSG00000102174,Pathogenic,Heterozygous,E,Splice Site,XD
1583,c.2147+2_2147+9del,p.,PHEX,NM_000444,ENST00000379374,ENSG00000102174,Pathogenic,Hemizygous,I,Splicing,XD
1588,c.251_251del,p.,PHEX,NM_000444,ENST00000379374,ENSG00000102174,Pathogenic,Heterozygous,E,Frameshift,XD
1590,c.259_266del,p.G87fs,PHEX,NM_000444,ENST00000379374,ENSG00000102174,Pathogenic,Heterozygous,E,Frameshift,XD
1592,c.407_408insT,p.K136fs,PHEX,NM_000444,ENST00000379374,ENSG00000102174,Pathogenic,Heterozygous,E,Frameshift,XD
1600,c.630_630del,p.,PHEX,NM_000444,ENST00000379374,ENSG00000102174,Pathogenic,Hemizygous,E,Frameshift,XD
1601,c.663+1_663+45del,,PHEX,NM_000444,ENST00000379374,ENSG00000102174,Pathogenic,Heterozygous,I,Splice Site,XD
1602,c.664-?_1079+?dup,,PHEX,NM_000444,ENST00000379374,ENSG00000102174,Likely Pathogenic,Heterozygous,E,Other,XD
1604,c.691_691del,p.Val231X,PHEX,NM_000444,ENST00000379374,ENSG00000102174,Pathogenic,Heterozygous,E,Frameshift,XD
1607,c.934-?_1079+?dup,p.?,PHEX,NM_000444,ENST00000379374,ENSG00000102174,Pathogenic,Heterozygous,E,Partial Gene Duplication,XD
1608,c.986dup,p.H329fs,PHEX,NM_000444,ENST00000379374,ENSG00000102174,Pathogenic,Hemizygous,E,Frameshift,XD
1609,c.undefined-?_undefined+?ins,p.?,PHEX,NM_000444,ENST00000379374,ENSG00000102174,Likely Pathogenic,Hemizygous,E,,XD
1610,,p.?,PHEX,NM_000444,ENST00000379374,ENSG00000102174,Pathogenic,Hemizygous,E,Partial Gene Duplication,XD
1617,c.1812_1814del,p.Ser605del,POLD1,NM_002691,ENST00000440232,ENSG00000062822,Pathogenic,Heterozygous,E,Other,AD
1621,c.1245del,p.F415fs,PPARG,NM_015869,ENST00000287820,ENSG00000132170,Pathogenic,Heterozygous,E,Frameshift,AD
1627,c.142_142del,p.Ala48fs,PRKAR1A,NM_002734,ENST00000589228,ENSG00000108946,Pathogenic,Heterozygous,E,Frameshift,AD
1628,c.18_18del,p.Ala7fs,PRKAR1A,NM_002734,ENST00000589228,ENSG00000108946,Pathogenic,Heterozygous,E,Frameshift,AD
1630,c.463del,p.S155fs,PRKAR1A,NM_002734,ENST00000589228,ENSG00000108946,Pathogenic,Heterozygous,E,Frameshift,AD
1631,c.491_492del,p.V164fs,PRKAR1A,NM_002734,ENST00000589228,ENSG00000108946,Pathogenic,Heterozygous,E,Frameshift,AD
1632,c.503-109_549+76del,p.?,PRKAR1A,NM_002734,ENST00000589228,ENSG00000108946,Pathogenic,Heterozygous,E,Other,AD
1633,c.54_55del,p.Cys18X,PRKAR1A,NM_002734,ENST00000589228,ENSG00000108946,Pathogenic,Heterozygous,E,Nonsense,AD
1636,c.590dup,G198fs,PRKAR1A,NM_002734,ENST00000589228,ENSG00000108946,Pathogenic,Heterozygous,E,Frameshift,AD
1638,c.887_887dup,,PRKAR1A,NM_002734,ENST00000589228,ENSG00000108946,Likely Pathogenic,Heterozygous,E,,AD
1651,c.399dup,p.P134fs,PTF1A,NM_178161,ENST00000376504,ENSG00000168267,Pathogenic,Homozygous,E,Frameshift,AR
1652,c.437_462del,p.A146fs,PTF1A,NM_178161,ENST00000376504,ENSG00000168267,Pathogenic,Heterozygous,E,Frameshift,AR
1654,c.(?_-44)_(*886_?)del,p.0?,RET,NM_020975,ENST00000355710,ENSG00000165731,Pathogenic,Heterozygous,E,Whole Gene Deletion,AD
1655,c.1-?_2392+?del,p.?,RET,NM_020975,ENST00000355710,ENSG00000165731,Pathogenic,Heterozygous,E,Partial Gene Deletion,AD
1656,c.1-?_3345+?del,p.0?,RET,NM_020975,ENST00000355710,ENSG00000165731,Pathogenic,Heterozygous,E,Other,AD
1674,c.2647_2648delinsTT,p.Ala883Phe,RET,NM_020975,ENST00000355710,ENSG00000165731,Pathogenic,Heterozygous,E,Missense,AD
1685,c.781-2_787delinsG,,RFX6,NM_173560,ENST00000332958,ENSG00000185002,Pathogenic,Heterozygous,E,,AR
1690,c.2576del,p.P859fs,ROBO3,NM_022370,ENST00000397801,ENSG00000154134,Pathogenic,Homozygous,E,Frameshift,AR
1691,c.2779+1del,,ROBO3,NM_022370,ENST00000397801,ENSG00000154134,Pathogenic,Heterozygous,I,,AR
1694,c.404_405del,p.R135fs,ROBO3,NM_022370,ENST00000397801,ENSG00000154134,Pathogenic,Heterozygous,E,Frameshift,AR
1696,c.571dup,p.R191fs,ROBO3,NM_022370,ENST00000397801,ENSG00000154134,Pathogenic,Homozygous,E,Frameshift,AR
1705,c.1994_1995del,p.Phe665fs,SALL4,NM_020436,ENST00000217086,ENSG00000101115,Pathogenic,Heterozygous,E,Frameshift,AD
1707,c.2332_2347del,p.D778fs,SALL4,NM_020436,ENST00000217086,ENSG00000101115,Pathogenic,Heterozygous,E,Frameshift,AD
1711,c.(?_-197)_(-52_73-1)del,p.0?,SDHB,NM_003000,ENST00000375499,ENSG00000117118,Pathogenic,Heterozygous,E,Partial Gene Deletion,AD
1714,c.311_311delinsGG,p.N104fs,SDHB,NM_003000,ENST00000375499,ENSG00000117118,Pathogenic,Heterozygous,E,Frameshift,AD
1729,c.1147_1148del,p.,SLC19A2,NM_006996,ENST00000236137,ENSG00000117479,Pathogenic,Homozygous,E,,AR
1736,c.242dup,p.Y81X,SLC19A2,NM_006996,ENST00000236137,ENSG00000117479,Pathogenic,Homozygous,E,Nonsense,AR
1737,c.262del,p.V88fs,SLC19A2,NM_006996,ENST00000236137,ENSG00000117479,Pathogenic,Homozygous,E,Frameshift,AR
1738,c.391dup,p.Y131fs,SLC19A2,NM_006996,ENST00000236137,ENSG00000117479,Pathogenic,Homozygous,E,Frameshift,AR
1739,c.454_458delinsTA,,SLC19A2,NM_006996,ENST00000236137,ENSG00000117479,Pathogenic,Homozygous,E,Frameshift,AR
1752,c.1579_1581del,p.L527del,SLC34A3,NM_080877,ENST00000361134,ENSG00000198569,Uncertain,Heterozygous,E,In-Frame Deletion,AR
1758,c.925+20_926-48del,,SLC34A3,NM_080877,ENST00000361134,ENSG00000198569,Pathogenic,Homozygous,I,,AR
1761,c.1347del,p.S449fs,SLC5A1,NM_000343,ENST00000266088,ENSG00000100170,Pathogenic,Heterozygous,E,Frameshift,AR
1764,c.1437_1438del,,SLC5A1,NM_000343,ENST00000266088,ENSG00000100170,Pathogenic,Homozygous,E,,AR
1768,c.312+3_312+6del,p.?,SLC5A1,NM_000343,ENST00000266088,ENSG00000100170,Likely Pathogenic,Homozygous,I,Splice Site,AR
1769,c.372+2_372+8delinsCTTATATTAAGGCTG,,SLC5A1,NM_000343,ENST00000266088,ENSG00000100170,Pathogenic,Heterozygous,I,Splice Site,AR
1770,c.401dup,p.R135fs,SLC5A1,NM_000343,ENST00000266088,ENSG00000100170,Pathogenic,Homozygous,E,Frameshift,AR
1775,c.3248dup,p.R1094fs,SOS1,NM_05633,ENST00000402219,ENSG00000115904,Pathogenic,Heterozygous,I,Frameshift,AR
1776,c.3254dup,p.P1086fs,SOS1,NM_05633,ENST00000402219,ENSG00000115904,Likely Pathogenic,Heterozygous,E,Frameshift,AR
1777,c.3255_3265del,p.P1086fs,SOS1,NM_05633,ENST00000402219,ENSG00000115904,Pathogenic,Heterozygous,E,Frameshift,AR
1778,c.3266dup,p.P1090fs,SOS1,NM_05633,ENST00000402219,ENSG00000115904,Pathogenic,Heterozygous,I,Frameshift,AR
1787,c.407_428delinsTGGACCCC,p.R136fs,TBX6,NM_004608,ENST00000395224,ENSG00000149922,Pathogenic,Heterozygous,E,Frameshift,AD
1793,c.131del,p.V44fs,TCOF1,NM_004608,ENST00000395224,ENSG00000149922,Pathogenic,Heterozygous,E,Frameshift,AD
1798,c.-?_+?del,,TP53,NM_017849,ENST00000258439,ENSG00000135956,Pathogenic,,E,,AD
1799,c.415_417del,p.E139del,TPM2,NM_017849,ENST00000258439,ENSG00000135956,Pathogenic,Heterozygous,E,In-Frame Deletion,AD
1810,c.58-26dup,,TUBB3,NM_006086,ENST00000315491,ENSG00000258947,Pathogenic,Heterozygous,I,,AD
1817,c.585del,p.Q195fs,VHL,NM_000551,ENST00000256474,ENSG00000134086,Likely Pathogenic,Heterozygous,E,Frameshift,AD
1818,c.1107_1108insA,p.A370fs,WFS1,NM_006005,ENST00000226760,ENSG00000109501,Pathogenic,Homozygous,E,Frameshift,AD
1819,c.1230_1233del,p.V412fs,WFS1,NM_006005,ENST00000226760,ENSG00000109501,Pathogenic,Homozygous,E,Frameshift,AD
1823,c.1698_1703del,p.L567_568del,WFS1,NM_006005,ENST00000226760,ENSG00000109501,Pathogenic,Heterozygous,E,Frameshift,AD
1826,c.2010dup,p.A671fs,WFS1,NM_006005,ENST00000226760,ENSG00000109501,Pathogenic,Homozygous,E,Frameshift,AD
1829,c.877del,p.L293fs,WFS1,NM_006005,ENST00000226760,ENSG00000109501,Pathogenic,Heterozygous,E,Frameshift,AD
1834,c.1383del,p.Y462fs,ZFP57,NM_001109809,ENST00000488757,ENSG00000204644,Pathogenic,Homozygous,E,Frameshift,?
1835,c.1078del,p.E360fs,ZIC2,NM_007129,ENST00000376335,ENSG00000043355,Pathogenic,Heterozygous,E,Frameshift,AD
1836,c.957del,p.K89,ZIC2,NM_007129,ENST00000376335,ENSG00000043355,Pathogenic,Heterozygous,E,Frameshift,AD
